============================================================
   Tang Dynasty, V6.2.175876
   Copyright (c) 2012-2025 Anlogic Inc.
   Executable = D:/TD_6.2.1_Release_6.2.175.876/bin/run.exe
   Built at =   14:07:58 Sep  4 2025
   Run by =     admin
   Run Date =   Mon Oct  5 22:05:06 2026

   Run on =     DESKTOP-F79OV02
============================================================
RUN-1002 : start command "import_device ph1_35p.db -package PH1P35MDG324 -speed 3"
ARC-1001 : Device Initialization.
ARC-1001 : ----------------------------------------------------------------
ARC-1001 :           OPTION          |          IO           |   SETTING   
ARC-1001 : ----------------------------------------------------------------
ARC-1001 :   non_jtag_persist(none)  |        35 IOs         |    gpio    
ARC-1001 :            jtag           |  P13/P15/L14/R13/T13  |  dedicate  
ARC-1001 : ----------------------------------------------------------------
RUN-1003 : finish command "import_device ph1_35p.db -package PH1P35MDG324 -speed 3" in  2.330574s wall, 1.812500s user + 0.109375s system = 1.921875s CPU (82.5%)

RUN-1004 : used memory is 332 MB, reserved memory is 330 MB, peak memory is 332 MB
RUN-1002 : start command "open_project MinecraftDog_FPGA.prj -noanalyze"
RUN-1002 : start command "import_db ../syn_1/MinecraftDog_FPGA_gate.db"
RUN-1001 : Importing database generated by Tang Dynasty, V6.2.175876.
RUN-1001 : Database version number 46207
RUN-1001 : Import flow parameters
RUN-1001 : Import netlist
RUN-1001 : Import timing constraints
RUN-1001 : Import IO constraints
RUN-1001 : Import Inst constraints
RUN-1001 : Import ChipWatcher
RUN-1001 : Import design success TD_VERSION=6.2.175876 , DB_VERSION=46207
RUN-1002 : start command "commit_param -step place"
RUN-1001 : Print Global Property
RUN-1001 : -------------------------------------------------------------
RUN-1001 :     Parameters    |   Settings   |  Default Values  |  Note  
RUN-1001 : -------------------------------------------------------------
RUN-1001 :    enable_seed    |     off      |       off        |        
RUN-1001 :    hfn_to_clock   |  1000000000  |    1000000000    |        
RUN-1001 :      message      |   standard   |     standard     |        
RUN-1001 :    qor_monitor    |      on      |        on        |        
RUN-1001 :   speedup_effort  |      0       |        0         |        
RUN-1001 :    syn_ip_flow    |     off      |       off        |        
RUN-1001 :       thread      |     auto     |       auto       |        
RUN-1001 : -------------------------------------------------------------
RUN-1001 : Print Place Property
RUN-1001 : ---------------------------------------------------------------
RUN-1001 :       Parameters      |  Settings  |  Default Values  |  Note  
RUN-1001 : ---------------------------------------------------------------
RUN-1001 :         effort        |   medium   |      medium      |        
RUN-1001 :     hfn_opt_effort    |   medium   |      medium      |        
RUN-1001 :    logic_level_opt    |    off     |       off        |        
RUN-1001 :   macro_performance   |    auto    |       auto       |        
RUN-1001 :       max_fanout      |   999999   |      999999      |        
RUN-1001 :       opt_timing      |   medium   |      medium      |        
RUN-1001 :     post_place_opt    |    auto    |       auto       |        
RUN-1001 :      pr_strategy      |     1      |        1         |        
RUN-1001 :   preplace_floorplan  |    off     |       off        |        
RUN-1001 : ---------------------------------------------------------------
RUN-1002 : start command "insert_debugger"
RUN-1002 : start command "place"
RUN-1001 : Open license file D:/TD_6.2.1_Release_6.2.175.876/license/Anlogic.lic
PHY-3001 : Placer runs in 16 thread(s).
PHY-1001 : Stage 1 | Initialize Design
PHY-1001 : Stage 1.1 | Build Design
PHY-1001 : 9956 luts, 11344 seqs, 360 mslices, 2133 lslices, 58 pads, 41 brams, 8 dsps
RUN-1002 : start command "legalize_phy_inst"
SYN-1011 : Flatten model mctop
SYN-1001 : ADC: Instance "u_fb/u_ddr/u_ddr2/ph1p_ddrmc_wrapper/u_ddr_phy/u_ddrphy_top/u_ddrphy/ac_byte[0]$ac_byte_used$u_ddrphy_ac_byte_wrapper/u_ddrphy_byte" LOCATION="X0Y70Z0"
SYN-1001 : ADC: Instance "u_fb/u_ddr/u_ddr2/ph1p_ddrmc_wrapper/u_ddr_phy/u_ddrphy_top/u_ddrphy/ac_byte[1]$ac_byte_used$u_ddrphy_ac_byte_wrapper/u_ddrphy_byte" LOCATION="X0Y60Z0"
SYN-1001 : ADC: Instance "u_fb/u_ddr/u_ddr2/ph1p_ddrmc_wrapper/u_ddr_phy/u_ddrphy_top/u_ddrphy/ac_byte[2]$ac_byte_used$u_ddrphy_ac_byte_wrapper/u_ddrphy_byte" LOCATION="X0Y50Z0"
SYN-1001 : ADC: Instance "u_fb/u_ddr/u_ddr2/ph1p_ddrmc_wrapper/u_ddr_phy/u_ddrphy_top/u_ddrphy/ac_byte[3]$ac_byte_used$u_ddrphy_ac_byte_wrapper/u_ddrphy_byte" LOCATION="X0Y40Z0"
SYN-1001 : ADC: Instance "u_fb/u_ddr/u_ddr2/ph1p_ddrmc_wrapper/u_ddr_phy/u_ddrphy_top/u_ddrphy/bkref[0]$u_ddrphy_bankref" LOCATION="X0Y19Z0"
SYN-1001 : ADC: Instance "u_fb/u_ddr/u_ddr2/ph1p_ddrmc_wrapper/u_ddr_phy/u_ddrphy_top/u_ddrphy/bkref[1]$u_ddrphy_bankref" LOCATION="X0Y59Z0"
SYN-1001 : ADC: Instance "u_fb/u_ddr/u_ddr2/ph1p_ddrmc_wrapper/u_ddr_phy/u_ddrphy_top/u_ddrphy/dx_byte[0]$dx_byte_used$u_ddrphy_dx_byte_wrapper/u_ddrphy_byte" LOCATION="X0Y30Z0"
SYN-1001 : ADC: Instance "u_fb/u_ddr/u_ddr2/ph1p_ddrmc_wrapper/u_ddr_phy/u_ddrphy_top/u_ddrphy/dx_byte[1]$dx_byte_used$u_ddrphy_dx_byte_wrapper/u_ddrphy_byte" LOCATION="X0Y10Z0"
SYN-1001 : ADC: Instance "u_fb/u_ddr/u_ddr2/ph1p_ddrmc_wrapper/u_ddr_phy/u_ddrphy_top/u_ddrphy_clk/ioclk[0]$u_ioclk_0" LOCATION="X0Y59Z0"
SYN-1001 : ADC: Instance "u_fb/u_ddr/u_ddr2/ph1p_ddrmc_wrapper/u_ddr_phy/u_ddrphy_top/u_ddrphy_clk/ioclk[0]$u_ioclk_1" LOCATION="X0Y59Z1"
SYN-1001 : ADC: Instance "u_fb/u_ddr/u_ddr2/ph1p_ddrmc_wrapper/u_ddr_phy/u_ddrphy_top/u_ddrphy_clk/ioclk[1]$u_ioclk_0" LOCATION="X0Y19Z0"
SYN-1001 : ADC: Instance "u_fb/u_ddr/u_ddr2/ph1p_ddrmc_wrapper/u_ddr_phy/u_ddrphy_top/u_ddrphy_clk/ioclk[1]$u_ioclk_1" LOCATION="X0Y19Z1"
SYN-1001 : ADC: Instance "u_fb/u_ddr/u_ddr2/ph1p_ddrmc_wrapper/u_ddr_phy/u_ddrphy_top/u_ddrphy_clk/u_mlclk_1" LOCATION="X0Y59Z0"
SYN-1001 : ADC: Instance "u_fb/u_ddr/u_ddr2/ph1p_ddrmc_wrapper/u_ddr_phy/u_ddrphy_top/u_ddrphy_clk/u_mlclk_2" LOCATION="X0Y59Z1"
SYN-1001 : ADC: Instance "u_fb/u_ddr/u_ddr2/ph1p_ddrmc_wrapper/u_ddr_phy/u_ddrphy_top/u_ddrphy_clk/u_pll0/u_pll_inst" LOCATION="X0Y40Z0"
SYN-1001 : ADC: Instance "u_fb/u_ddr/u_ddr2/ph1p_ddrmc_wrapper/u_ddr_phy/u_ddrphy_top/u_ddrphy_clk/u_pll1/u_pll_inst" LOCATION="X0Y79Z0"
PHY-1001 : Remove keep and sweep redundant instances ...
PHY-1001 : 9651 luts, 11019 seqs, 360 mslices, 2102 lslices, 58 pads, 41 brams, 8 dsps
PHY-1001 : End Stage 1.1 | Build Design; Time: 0.346948s wall, 0.328125s user + 0.000000s system = 0.328125s CPU (94.6%); Memory(MB): used = 520, reserved = 517, peak = 520;

PHY-1001 : Stage 1.2 | Optimize Design
OPT-1001 : Stage 1.2.1 | Simplify Lut
OPT-1001 : End Stage 1.2.1 | Simplify Lut; Time: 0.045056s wall, 0.046875s user + 0.000000s system = 0.046875s CPU (104.0%); Memory(MB): used = 520, reserved = 517, peak = 520;

OPT-1001 : Stage 1.2.2 | Sweep
OPT-1001 : End Stage 1.2.2 | Sweep; Time: 0.013258s wall, 0.015625s user + 0.000000s system = 0.015625s CPU (117.9%); Memory(MB): used = 520, reserved = 517, peak = 520;

OPT-1001 : Stage 1.2.3 | Merge Lut
OPT-1001 : Start remap optimization ...
RUN-1001 :   Added 0 lut1 for undup drivers
OPT-1001 : skip lut merge since lut number 9651 is similar to or less than reg number 11019
OPT-1001 : End Stage 1.2.3 | Merge Lut; Time: 0.021435s wall, 0.015625s user + 0.000000s system = 0.015625s CPU (72.9%); Memory(MB): used = 520, reserved = 517, peak = 520;

OPT-1001 : Stage 1.2.4 | Synthesize High-fanout Net
OPT-1001 : Start high-fanout net optimization in pre-place flow with medium effort ...
RUN-1001 : HFN opt statistic
RUN-1001 : ------------------------------------------------------
RUN-1001 :   DriverCell type  |  HFN count  |  Duplicated count  
RUN-1001 : ------------------------------------------------------
RUN-1001 :       LSLICE       |      0      |         0          
RUN-1001 :       MSLICE       |      0      |         0          
RUN-1001 :        TOTAL       |      0      |         0          
RUN-1001 : ------------------------------------------------------
OPT-1001 : End high-fanout net optimization;  0.000826s wall, 0.000000s user + 0.000000s system = 0.000000s CPU (n/a%)

OPT-1001 : Current memory(MB): used = 521, reserved = 517, peak = 521.
OPT-1001 : End Stage 1.2.4 | Synthesize High-fanout Net; Time: 0.001518s wall, 0.015625s user + 0.000000s system = 0.015625s CPU (1029.2%); Memory(MB): used = 521, reserved = 517, peak = 521;

OPT-1001 : End physical optimization;  0.083917s wall, 0.093750s user + 0.000000s system = 0.093750s CPU (111.7%)

PHY-1001 : End Stage 1.2 | Optimize Design; Time: 0.085481s wall, 0.093750s user + 0.000000s system = 0.093750s CPU (109.7%); Memory(MB): used = 521, reserved = 517, peak = 521;

PHY-1001 : Stage 1.3 | Initialize Clock
PHY-1001 : Start to synthesize physical clock networks.
RUN-1002 : start command "start_timer"
USR-1002 : Derived clock:  create_generated_clock -name {u_fb/u_ddr/u_ddr2/ph1p_ddrmc_wrapper/u_ddr_phy/u_ddrphy_top/u_ddrphy_clk/u_pll0/u_pll_inst.clkc[0]} -source [get_ports {I_sys_clk}] -master_clock {sys_clk_25m} -multiply_by 5.3125 -duty_cycle 50.0000 [get_pins {u_fb/u_ddr/u_ddr2/ph1p_ddrmc_wrapper/u_ddr_phy/u_ddrphy_top/u_ddrphy_clk/u_pll0/u_pll_inst.clkc[0]}]
USR-1002 : Derived clock:  create_generated_clock -name {u_fb/u_ddr/u_ddr2/ph1p_ddrmc_wrapper/u_ddr_phy/u_ddrphy_top/u_ddrphy_clk/u_pll0/u_pll_inst.clkc[1]} -source [get_ports {I_sys_clk}] -master_clock {sys_clk_25m} -multiply_by 5.3125 -duty_cycle 50.0000 [get_pins {u_fb/u_ddr/u_ddr2/ph1p_ddrmc_wrapper/u_ddr_phy/u_ddrphy_top/u_ddrphy_clk/u_pll0/u_pll_inst.clkc[1]}]
USR-1002 : Derived clock:  create_generated_clock -name {u_fb/u_ddr/u_ddr2/ph1p_ddrmc_wrapper/u_ddr_phy/u_ddrphy_top/u_ddrphy_clk/u_pll0/u_pll_inst.clkc[2]} -source [get_ports {I_sys_clk}] -master_clock {sys_clk_25m} -multiply_by 21.2500 -duty_cycle 50.0000 [get_pins {u_fb/u_ddr/u_ddr2/ph1p_ddrmc_wrapper/u_ddr_phy/u_ddrphy_top/u_ddrphy_clk/u_pll0/u_pll_inst.clkc[2]}]
USR-1002 : Derived clock:  create_generated_clock -name {u_fb/u_ddr/u_ddr2/ph1p_ddrmc_wrapper/u_ddr_phy/u_ddrphy_top/u_ddrphy_clk/u_pll0/u_pll_inst.clkc[3]} -source [get_ports {I_sys_clk}] -master_clock {sys_clk_25m} -multiply_by 2.0238 -duty_cycle 50.0000 [get_pins {u_fb/u_ddr/u_ddr2/ph1p_ddrmc_wrapper/u_ddr_phy/u_ddrphy_top/u_ddrphy_clk/u_pll0/u_pll_inst.clkc[3]}]
USR-1002 : Derived clock:  create_generated_clock -name {u_sys_pll/ph1p_phy_pll_wrapper_9424f6f87a2a_Inst/u_PH1P_PHY_PLL.clkc[0]} -source [get_ports {I_sys_clk}] -master_clock {sys_clk_25m} -multiply_by 4.0000 -duty_cycle 50.0000 [get_pins {u_sys_pll/ph1p_phy_pll_wrapper_9424f6f87a2a_Inst/u_PH1P_PHY_PLL.clkc[0]}]
USR-1002 : Derived clock:  create_generated_clock -name {u_sys_pll/ph1p_phy_pll_wrapper_9424f6f87a2a_Inst/u_PH1P_PHY_PLL.clkc[1]} -source [get_ports {I_sys_clk}] -master_clock {sys_clk_25m} -divide_by 1.0417 -duty_cycle 50.0000 [get_pins {u_sys_pll/ph1p_phy_pll_wrapper_9424f6f87a2a_Inst/u_PH1P_PHY_PLL.clkc[1]}]
USR-1002 : Derived clock:  create_generated_clock -name {u_sys_pll/ph1p_phy_pll_wrapper_9424f6f87a2a_Inst/u_PH1P_PHY_PLL.clkc[2]} -source [get_ports {I_sys_clk}] -master_clock {sys_clk_25m} -multiply_by 2.0870 -duty_cycle 50.0000 [get_pins {u_sys_pll/ph1p_phy_pll_wrapper_9424f6f87a2a_Inst/u_PH1P_PHY_PLL.clkc[2]}]
USR-1002 : Derived clock:  create_generated_clock -name {u_sys_pll/ph1p_phy_pll_wrapper_9424f6f87a2a_Inst/u_PH1P_PHY_PLL.clkc[3]} -source [get_ports {I_sys_clk}] -master_clock {sys_clk_25m} -divide_by 2.5000 -duty_cycle 50.0000 [get_pins {u_sys_pll/ph1p_phy_pll_wrapper_9424f6f87a2a_Inst/u_PH1P_PHY_PLL.clkc[3]}]
USR-1002 : Derived clock:  create_generated_clock -name {u_fb/u_ddr/u_ddr2/ph1p_ddrmc_wrapper/u_ddr_phy/u_ddrphy_top/u_ddrphy_clk/u_pll1/u_pll_inst.clkc[0]} -source [get_pins {u_fb/u_ddr/u_ddr2/ph1p_ddrmc_wrapper/u_ddr_phy/u_ddrphy_top/u_ddrphy_clk/u_pll0/u_pll_inst.clkc[0]}] -master_clock {u_fb/u_ddr/u_ddr2/ph1p_ddrmc_wrapper/u_ddr_phy/u_ddrphy_top/u_ddrphy_clk/u_pll0/u_pll_inst.clkc[0]} -multiply_by 1.0000 -duty_cycle 50.0000 [get_pins {u_fb/u_ddr/u_ddr2/ph1p_ddrmc_wrapper/u_ddr_phy/u_ddrphy_top/u_ddrphy_clk/u_pll1/u_pll_inst.clkc[0]}]
USR-6001 WARNING: No clocks matched 'get_clocks u_cam/u_mipi_rx/u_ph1p_mipiio_rx_wrapper/u_PH1P_LOGIC_DPHY_MIPI_RX.o_fabric_div4_8_clk'
USR-6001 WARNING: No clocks matched 'get_clocks u_disp/u_mipi_tx/u_ph1p_mipiio_tx_wrapper/u_PH1P_LOGIC_DPHY_MIPI_TX.o_fabric_div4_8_clk'
USR-6001 WARNING: No clocks matched 'get_clocks MIPI_RX_BYTE_CLK'
USR-6001 WARNING: No clocks matched 'get_clocks MIPI_TX_BYTE_CLK'
USR-6001 WARNING: No clocks matched 'get_clocks u_fb/u_ddr/u_ddr2/ddr_clk'
USR-6001 WARNING: No clocks matched 'get_clocks u_fb/u_ddr/u_ddr2/usr_clk'
USR-6136 CRITICAL-WARNING: 'derive_pll_clocks' is obsolete. Please use 'derive_clocks' instead, which handles more types of clock deriving resources. 
Launching timing wizard will update this command automatically.
8.980000
7.529000
7.529000
19.166000
RUN-1003 : finish command "start_timer" in  1.466605s wall, 1.234375s user + 0.031250s system = 1.265625s CPU (86.3%)

RUN-1004 : used memory is 670 MB, reserved memory is 664 MB, peak memory is 670 MB
TMR-2502 : Net delay update with mode: Synthesized
PHY-5060 CRITICAL-WARNING: Clock net candidate u_cam/u_cfg/uii2c_inst/scl_clk has mixed fanouts of 1 clock pins; 2 data/ctrl pins. Please check connection of the net in design.
PHY-5060 CRITICAL-WARNING: Clock net candidate O_cam_24m_syn_3 has mixed fanouts of 182 clock pins; 1 data/ctrl pins. Please check connection of the net in design.
PHY-5073 CRITICAL-WARNING: Pin u_disp/u_mipi_tx/u_ph1p_mipiio_tx_wrapper/u_PH1P_LOGIC_DPHY_MIPI_TX.i_phy_dpll_ref_clk is driven by GCLK which will reduce performance, please use MLCLK instead.
PHY-1001 : Populate physical database on model mctop.
RUN-1001 : There are total 23338 instances
RUN-0007 : 9651 luts, 11019 seqs, 360 mslices, 2102 lslices, 58 pads, 41 brams, 8 dsps
RUN-1001 : There are total 31315 nets
RUN-1001 : 22035 nets have 2 pins
RUN-1001 : 6327 nets have [3 - 5] pins
RUN-1001 : 2031 nets have [6 - 10] pins
RUN-1001 : 526 nets have [11 - 20] pins
RUN-1001 : 348 nets have [21 - 99] pins
RUN-1001 : 48 nets have 100+ pins
PHY-1001 : Start to check user instance location assignments; please refer to ADC constraint.
PHY-1001 : End Stage 1.3 | Initialize Clock; Time: 2.384245s wall, 2.015625s user + 0.062500s system = 2.078125s CPU (87.2%); Memory(MB): used = 752, reserved = 745, peak = 752;

PHY-1001 : End Stage 1 | Initialize Design; Time: 2.844152s wall, 2.453125s user + 0.062500s system = 2.515625s CPU (88.4%); Memory(MB): used = 752, reserved = 745, peak = 752;

PHY-1001 : Stage 2 | Global Placement
RUN-1001 : Report Control nets information:
RUN-1001 : DFF Distribution
RUN-1001 : -------------------------------------
RUN-1001 :   CE   |  SSR  |  ASR  |  DFF Count  
RUN-1001 : -------------------------------------
RUN-1001 :   No   |  No   |  No   |    1710     
RUN-1001 :   No   |  No   |  Yes  |    3371     
RUN-1001 :   No   |  Yes  |  No   |     573     
RUN-1001 :   Yes  |  No   |  No   |     968     
RUN-1001 :   Yes  |  No   |  Yes  |    4223     
RUN-1001 :   Yes  |  Yes  |  No   |     238     
RUN-1001 : -------------------------------------
RUN-1001 : Control Group Statistic
RUN-1001 : -----------------------------
RUN-1001 :   #CLK  |  #CE  |  #SSR/ASR  
RUN-1001 : -----------------------------
RUN-1001 :    10   |  293  |     55     
RUN-1001 : -----------------------------
RUN-0007 : Control Set = 354
PHY-1001 : Stage 2.1 | Place Fixed Instances
PHY-1001 : Processing 2 clock pins of DDR instance u_fb/u_ddr/u_ddr2/ph1p_ddrmc_wrapper/u_ddr_phy/u_ddrphy_top/u_ddrphy/ac_byte[0]$ac_byte_used$u_ddrphy_ac_byte_wrapper/u_ddrphy_byte, location = x0y70z0.
PHY-1001 :   User location X0Y59Z1 of ioclk instance u_fb/u_ddr/u_ddr2/ph1p_ddrmc_wrapper/u_ddr_phy/u_ddrphy_top/u_ddrphy_clk/ioclk[0]$u_ioclk_1.
PHY-1001 :   Placement of ioclk instance u_fb/u_ddr/u_ddr2/ph1p_ddrmc_wrapper/u_ddr_phy/u_ddrphy_top/u_ddrphy_clk/ioclk[0]$u_ioclk_1; location = x0y59z1.
PHY-1001 :   User location X0Y59Z0 of ioclk instance u_fb/u_ddr/u_ddr2/ph1p_ddrmc_wrapper/u_ddr_phy/u_ddrphy_top/u_ddrphy_clk/ioclk[0]$u_ioclk_0.
PHY-1001 :   Placement of ioclk instance u_fb/u_ddr/u_ddr2/ph1p_ddrmc_wrapper/u_ddr_phy/u_ddrphy_top/u_ddrphy_clk/ioclk[0]$u_ioclk_0; location = x0y59z0.
PHY-1001 : Processing 2 clock pins of DDR instance u_fb/u_ddr/u_ddr2/ph1p_ddrmc_wrapper/u_ddr_phy/u_ddrphy_top/u_ddrphy/ac_byte[1]$ac_byte_used$u_ddrphy_ac_byte_wrapper/u_ddrphy_byte, location = x0y60z0.
PHY-1001 :   Placed ioclk instance u_fb/u_ddr/u_ddr2/ph1p_ddrmc_wrapper/u_ddr_phy/u_ddrphy_top/u_ddrphy_clk/ioclk[0]$u_ioclk_1, location = x0y59z1.
PHY-1001 :   Placed ioclk instance u_fb/u_ddr/u_ddr2/ph1p_ddrmc_wrapper/u_ddr_phy/u_ddrphy_top/u_ddrphy_clk/ioclk[0]$u_ioclk_0, location = x0y59z0.
PHY-1001 : Processing 2 clock pins of DDR instance u_fb/u_ddr/u_ddr2/ph1p_ddrmc_wrapper/u_ddr_phy/u_ddrphy_top/u_ddrphy/ac_byte[2]$ac_byte_used$u_ddrphy_ac_byte_wrapper/u_ddrphy_byte, location = x0y50z0.
PHY-1001 :   Placed ioclk instance u_fb/u_ddr/u_ddr2/ph1p_ddrmc_wrapper/u_ddr_phy/u_ddrphy_top/u_ddrphy_clk/ioclk[0]$u_ioclk_1, location = x0y59z1.
PHY-1001 :   Placed ioclk instance u_fb/u_ddr/u_ddr2/ph1p_ddrmc_wrapper/u_ddr_phy/u_ddrphy_top/u_ddrphy_clk/ioclk[0]$u_ioclk_0, location = x0y59z0.
PHY-1001 : Processing 2 clock pins of DDR instance u_fb/u_ddr/u_ddr2/ph1p_ddrmc_wrapper/u_ddr_phy/u_ddrphy_top/u_ddrphy/ac_byte[3]$ac_byte_used$u_ddrphy_ac_byte_wrapper/u_ddrphy_byte, location = x0y40z0.
PHY-1001 :   Placed ioclk instance u_fb/u_ddr/u_ddr2/ph1p_ddrmc_wrapper/u_ddr_phy/u_ddrphy_top/u_ddrphy_clk/ioclk[0]$u_ioclk_1, location = x0y59z1.
PHY-1001 :   Placed ioclk instance u_fb/u_ddr/u_ddr2/ph1p_ddrmc_wrapper/u_ddr_phy/u_ddrphy_top/u_ddrphy_clk/ioclk[0]$u_ioclk_0, location = x0y59z0.
PHY-1001 : Processing 2 clock pins of DDR instance u_fb/u_ddr/u_ddr2/ph1p_ddrmc_wrapper/u_ddr_phy/u_ddrphy_top/u_ddrphy/dx_byte[0]$dx_byte_used$u_ddrphy_dx_byte_wrapper/u_ddrphy_byte, location = x0y30z0.
PHY-1001 :   User location X0Y19Z1 of ioclk instance u_fb/u_ddr/u_ddr2/ph1p_ddrmc_wrapper/u_ddr_phy/u_ddrphy_top/u_ddrphy_clk/ioclk[1]$u_ioclk_1.
PHY-1001 :   Placement of ioclk instance u_fb/u_ddr/u_ddr2/ph1p_ddrmc_wrapper/u_ddr_phy/u_ddrphy_top/u_ddrphy_clk/ioclk[1]$u_ioclk_1; location = x0y19z1.
PHY-1001 :   User location X0Y19Z0 of ioclk instance u_fb/u_ddr/u_ddr2/ph1p_ddrmc_wrapper/u_ddr_phy/u_ddrphy_top/u_ddrphy_clk/ioclk[1]$u_ioclk_0.
PHY-1001 :   Placement of ioclk instance u_fb/u_ddr/u_ddr2/ph1p_ddrmc_wrapper/u_ddr_phy/u_ddrphy_top/u_ddrphy_clk/ioclk[1]$u_ioclk_0; location = x0y19z0.
PHY-1001 : Processing 2 clock pins of DDR instance u_fb/u_ddr/u_ddr2/ph1p_ddrmc_wrapper/u_ddr_phy/u_ddrphy_top/u_ddrphy/dx_byte[1]$dx_byte_used$u_ddrphy_dx_byte_wrapper/u_ddrphy_byte, location = x0y10z0.
PHY-1001 :   Placed ioclk instance u_fb/u_ddr/u_ddr2/ph1p_ddrmc_wrapper/u_ddr_phy/u_ddrphy_top/u_ddrphy_clk/ioclk[1]$u_ioclk_1, location = x0y19z1.
PHY-1001 :   Placed ioclk instance u_fb/u_ddr/u_ddr2/ph1p_ddrmc_wrapper/u_ddr_phy/u_ddrphy_top/u_ddrphy_clk/ioclk[1]$u_ioclk_0, location = x0y19z0.
PHY-1001 : DDR MLCLK topology u_fb/u_ddr/u_ddr2/ph1p_ddrmc_wrapper/u_ddr_phy/u_ddrphy_top/u_ddrphy_clk/u_mlclk_1.
PHY-1001 :   Driver: PH1P_PHY_PLL_V2 u_fb/u_ddr/u_ddr2/ph1p_ddrmc_wrapper/u_ddr_phy/u_ddrphy_top/u_ddrphy_clk/u_pll0/u_pll_inst.clkc[1], user location :X0Y40Z0.
PHY-1001 :   Sink: PH1P_PHY_IOCLK u_fb/u_ddr/u_ddr2/ph1p_ddrmc_wrapper/u_ddr_phy/u_ddrphy_top/u_ddrphy_clk/ioclk[0]$u_ioclk_0, location = x0y59z0, sectorID = 1.
PHY-1001 :   Sink: PH1P_PHY_IOCLK u_fb/u_ddr/u_ddr2/ph1p_ddrmc_wrapper/u_ddr_phy/u_ddrphy_top/u_ddrphy_clk/ioclk[1]$u_ioclk_0, location = x0y19z0, sectorID = 0.
PHY-1001 : Placement of MLCLK instance u_fb/u_ddr/u_ddr2/ph1p_ddrmc_wrapper/u_ddr_phy/u_ddrphy_top/u_ddrphy_clk/u_mlclk_1; location = x0y59z0,  sectorID = 1.
PHY-1001 : DDR MLCLK topology u_fb/u_ddr/u_ddr2/ph1p_ddrmc_wrapper/u_ddr_phy/u_ddrphy_top/u_ddrphy_clk/u_mlclk_2.
PHY-1001 :   Driver: PH1P_PHY_PLL_V2 u_fb/u_ddr/u_ddr2/ph1p_ddrmc_wrapper/u_ddr_phy/u_ddrphy_top/u_ddrphy_clk/u_pll0/u_pll_inst.clkc[2], user location :X0Y40Z0.
PHY-1001 :   Sink: PH1P_PHY_IOCLK u_fb/u_ddr/u_ddr2/ph1p_ddrmc_wrapper/u_ddr_phy/u_ddrphy_top/u_ddrphy_clk/ioclk[0]$u_ioclk_1, location = x0y59z1, sectorID = 1.
PHY-1001 :   Sink: PH1P_PHY_IOCLK u_fb/u_ddr/u_ddr2/ph1p_ddrmc_wrapper/u_ddr_phy/u_ddrphy_top/u_ddrphy_clk/ioclk[1]$u_ioclk_1, location = x0y19z1, sectorID = 0.
PHY-1001 : Placement of MLCLK instance u_fb/u_ddr/u_ddr2/ph1p_ddrmc_wrapper/u_ddr_phy/u_ddrphy_top/u_ddrphy_clk/u_mlclk_2; location = x0y59z1,  sectorID = 1.
PHY-5016 WARNING: PLL clkc is driving an IO without location.
PHY-5016 WARNING: PLL clkc is not driving a clock-capable IO.
PHY-5016 WARNING: PLL clkc is driving an IO without location.
PHY-5016 WARNING: PLL clkc is driving an IO without location.
PHY-1001 : End Stage 2.1 | Place Fixed Instances; Time: 0.049681s wall, 0.046875s user + 0.000000s system = 0.046875s CPU (94.4%); Memory(MB): used = 767, reserved = 760, peak = 767;

PHY-1001 : Stage 2.2 | Pre-Place DRC Check
PHY-1001 : Stage 2.2.1 | Force Route Constraint Check
PHY-1001 : Check Pass.
PHY-1001 : End Stage 2.2.1 | Force Route Constraint Check; Time: 0.002035s wall, 0.000000s user + 0.000000s system = 0.000000s CPU (n/a%); Memory(MB): used = 767, reserved = 760, peak = 767;

PHY-1001 : Stage 2.2.2 | Sigmap Check
PHY-1001 : Check pass.
PHY-1001 : End Stage 2.2.2 | Sigmap Check; Time: 0.005803s wall, 0.000000s user + 0.000000s system = 0.000000s CPU (n/a%); Memory(MB): used = 767, reserved = 760, peak = 767;

PHY-1001 : End Stage 2.2 | Pre-Place DRC Check; Time: 0.008157s wall, 0.015625s user + 0.000000s system = 0.015625s CPU (191.6%); Memory(MB): used = 767, reserved = 760, peak = 767;

PHY-1001 : Clock GCLK Statistics:
RUN-1001 : GCLK Index: 
RUN-1001 : --------------------------------------------------------------------------------------------------------------------------
RUN-1001 :   Index  |                                            Clock GCLK                                            |  Location   
RUN-1001 : --------------------------------------------------------------------------------------------------------------------------
RUN-1001 :     1    |   u_fb/u_ddr/u_ddr2/ph1p_ddrmc_wrapper/u_ddr_phy/u_ddrphy_top/u_ddrphy_clk/u_pll1/u_bufg_fbclk   |  x23y39z16  
RUN-1001 :     2    |                      u_cam/u_mipi_rx/u_ph1p_mipiio_rx_wrapper/bufg_feedback                      |  x23y39z0   
RUN-1001 :     3    |                                     u_sys_pll/bufg_feedback                                      |  x23y39z17  
RUN-1001 :     4    |                   u_disp/u_mipi_tx/u_ph1p_mipiio_tx_wrapper/U_PH1P_LOGIC_BUFG                    |  x23y39z1   
RUN-1001 :     5    |              u_disp/u_display_config/u_instruction_execution/I_clk_created_gclkinst              |  x23y39z18  
RUN-1001 :     6    |                                 O_cam_24m_dup_1_created_gclkinst                                 |  x23y39z19  
RUN-1001 :     7    |                                 I_sys_clk_dup_5_created_gclkinst                                 |  x23y39z22  
RUN-1001 :     8    |  u_fb/u_ddr/u_ddr2/ph1p_ddrmc_wrapper/u_ddr_phy/u_ddrphy_top/u_ddrphy/apb_pclk_created_gclkinst  |  x23y39z20  
RUN-1001 :     9    |                         u_cam/u_cfg/uii2c_inst/scl_clk_created_gclkinst                          |  x23y39z2   
RUN-1001 :    10    |         u_disp/u_mipi_tx/u_ph1p_mipiio_tx_wrapper/I_mipiio_pll_ref_clk_created_gclkinst          |  x23y39z21  
RUN-1001 : --------------------------------------------------------------------------------------------------------------------------
RUN-1001 : Clock Nets Connect To GCLK Statistics: 
RUN-1001 : -----------------------------------------------------------------------------------------------------------------------------------------------------------------------------------------
RUN-1001 :   Index  |                        Leading Net                        |  CLK/DATA/IO/PLL Sink(s)  |                       Following Net                       |  CLK/DATA/IO/PLL Sink(s)  
RUN-1001 : -----------------------------------------------------------------------------------------------------------------------------------------------------------------------------------------
RUN-1001 :     1    | u_fb/u_ddr/u_ddr2/ph1p_ddrmc_wrapper/u_ddr_phy/u_ddrp...  |          1/0/0/0          |   u_fb/u_ddr/u_ddr2/ph1p_ddrmc_wrapper/u_alc_mc_top/clk   |        3529/0/0/0         
RUN-1001 :     2    | u_cam/u_mipi_rx/u_ph1p_mipiio_rx_wrapper/S_mipiio_hs_...  |          1/0/0/0          | u_cam/u_isp/u_demosaic/raw_matrix_3x3_buffer_d/zhengh...  |        2948/0/0/0         
RUN-1001 :     3    |                    u_sys_pll/clk0_buf                     |          1/0/0/0          |                        S_clk_100m                         |        2861/0/0/0         
RUN-1001 :     4    |   u_disp/u_mipi_tx/u_ph1p_mipiio_tx_wrapper/S_hs_tx_clk   |          1/0/0/0          |           u_disp/u_dsi_video_mode_packet/I_clk            |         902/0/0/0         
RUN-1001 :     5    |   u_disp/u_display_config/u_instruction_execution/I_clk   |          1/0/0/0          | u_disp/u_display_config/u_instruction_execution/I_clk...  |         524/0/0/0         
RUN-1001 :     6    |                      O_cam_24m_dup_1                      |          1/0/0/0          |                      O_cam_24m_syn_3                      |         182/1/0/0         
RUN-1001 :     7    |                      I_sys_clk_dup_5                      |          3/0/0/0          |                      I_sys_clk_syn_7                      |         180/0/0/0         
RUN-1001 :     8    | u_fb/u_ddr/u_ddr2/ph1p_ddrmc_wrapper/u_ddr_phy/u_ddrp...  |          1/0/0/0          | u_fb/u_ddr/u_ddr2/ph1p_ddrmc_wrapper/u_ddr_phy/u_ddrp...  |         43/0/0/0          
RUN-1001 :     9    |              u_cam/u_cfg/uii2c_inst/scl_clk               |          1/2/0/0          |           u_cam/u_cfg/uii2c_inst/scl_clk_syn_9            |         24/0/0/0          
RUN-1001 :    10    | u_disp/u_mipi_tx/u_ph1p_mipiio_tx_wrapper/I_mipiio_pl...  |          1/0/0/0          | u_disp/u_mipi_tx/u_ph1p_mipiio_tx_wrapper/I_mipiio_pl...  |          2/0/0/0          
RUN-1001 : -----------------------------------------------------------------------------------------------------------------------------------------------------------------------------------------
PHY-1001 : Stage 2.3 | Global Placement Step 1
PHY-3001 : Target density is 60%
PHY-1001 : Stage 2.3.1 | Update Timing
RUN-1002 : start command "start_timer"
PHY-1001 : SWNS: 1145, STNS: 0, FEP: 0
PHY-1001 : End Stage 2.3.1 | Update Timing; Time: 1.811422s wall, 1.781250s user + 0.015625s system = 1.796875s CPU (99.2%); Memory(MB): used = 812, reserved = 805, peak = 812;

PHY-0007 : Cell area utilization is 39%
RUN-1001 : Huge Net Statistic
RUN-1001 : -----------------------------------------------------------------------------------------------------------------------------------------------------------
RUN-1001 :   Fanout  |  Slack  |                                                                 Net                                                                  
RUN-1001 : -----------------------------------------------------------------------------------------------------------------------------------------------------------
RUN-1001 :    2718   |   Inf   |                                u_fb/u_ddr/u_ddr2/ph1p_ddrmc_wrapper/u_ddr_phy/u_ddrphy_top/sys_rst_n                                 
RUN-1001 :    2031   |  4369   |                                                             S_rst_n_100m                                                             
RUN-1001 :    1472   |  4511   |                                u_fb/u_ddr/u_ddr2/ph1p_ddrmc_wrapper/u_alc_mc_top/u_rbuf_addr_fifo/rst                                
RUN-1001 :    1089   |   Inf   |  u_fb/u_ddr/u_ddr2/ph1p_ddrmc_wrapper/u_ddr_phy/u_ddrphy_top/u_ddrphy/dx_byte[1]$dx_byte_used$u_ddrphy_dx_byte_wrapper/dx_phy_rst_n  
RUN-1001 : -----------------------------------------------------------------------------------------------------------------------------------------------------------
PHY-3001 : Clustering ...
PHY-3001 : End clustering;  0.089450s wall, 0.078125s user + 0.031250s system = 0.109375s CPU (122.3%)

PHY-3001 : Target density is 60%
PHY-1001 : Stage 2.3.2 | GP Iteration
PHY-1001 : End Stage 2.3.2 | GP Iteration; Time: 2.054016s wall, 7.890625s user + 2.765625s system = 10.656250s CPU (518.8%); Memory(MB): used = 820, reserved = 812, peak = 820;

PHY-3001 : Multithread accelerating rate: 4.90
RUN-1002 : start command "start_timer"
USR-1002 : Derived clock:  create_generated_clock -name {u_fb/u_ddr/u_ddr2/ph1p_ddrmc_wrapper/u_ddr_phy/u_ddrphy_top/u_ddrphy_clk/u_pll0/u_pll_inst.clkc[0]} -source [get_ports {I_sys_clk}] -master_clock {sys_clk_25m} -multiply_by 5.3125 -duty_cycle 50.0000 [get_pins {u_fb/u_ddr/u_ddr2/ph1p_ddrmc_wrapper/u_ddr_phy/u_ddrphy_top/u_ddrphy_clk/u_pll0/u_pll_inst.clkc[0]}]
USR-1002 : Derived clock:  create_generated_clock -name {u_fb/u_ddr/u_ddr2/ph1p_ddrmc_wrapper/u_ddr_phy/u_ddrphy_top/u_ddrphy_clk/u_pll0/u_pll_inst.clkc[1]} -source [get_ports {I_sys_clk}] -master_clock {sys_clk_25m} -multiply_by 5.3125 -duty_cycle 50.0000 [get_pins {u_fb/u_ddr/u_ddr2/ph1p_ddrmc_wrapper/u_ddr_phy/u_ddrphy_top/u_ddrphy_clk/u_pll0/u_pll_inst.clkc[1]}]
USR-1002 : Derived clock:  create_generated_clock -name {u_fb/u_ddr/u_ddr2/ph1p_ddrmc_wrapper/u_ddr_phy/u_ddrphy_top/u_ddrphy_clk/u_pll0/u_pll_inst.clkc[2]} -source [get_ports {I_sys_clk}] -master_clock {sys_clk_25m} -multiply_by 21.2500 -duty_cycle 50.0000 [get_pins {u_fb/u_ddr/u_ddr2/ph1p_ddrmc_wrapper/u_ddr_phy/u_ddrphy_top/u_ddrphy_clk/u_pll0/u_pll_inst.clkc[2]}]
USR-1002 : Derived clock:  create_generated_clock -name {u_fb/u_ddr/u_ddr2/ph1p_ddrmc_wrapper/u_ddr_phy/u_ddrphy_top/u_ddrphy_clk/u_pll0/u_pll_inst.clkc[3]} -source [get_ports {I_sys_clk}] -master_clock {sys_clk_25m} -multiply_by 2.0238 -duty_cycle 50.0000 [get_pins {u_fb/u_ddr/u_ddr2/ph1p_ddrmc_wrapper/u_ddr_phy/u_ddrphy_top/u_ddrphy_clk/u_pll0/u_pll_inst.clkc[3]}]
USR-1002 : Derived clock:  create_generated_clock -name {u_sys_pll/ph1p_phy_pll_wrapper_9424f6f87a2a_Inst/u_PH1P_PHY_PLL.clkc[0]} -source [get_ports {I_sys_clk}] -master_clock {sys_clk_25m} -multiply_by 4.0000 -duty_cycle 50.0000 [get_pins {u_sys_pll/ph1p_phy_pll_wrapper_9424f6f87a2a_Inst/u_PH1P_PHY_PLL.clkc[0]}]
USR-1002 : Derived clock:  create_generated_clock -name {u_sys_pll/ph1p_phy_pll_wrapper_9424f6f87a2a_Inst/u_PH1P_PHY_PLL.clkc[1]} -source [get_ports {I_sys_clk}] -master_clock {sys_clk_25m} -divide_by 1.0417 -duty_cycle 50.0000 [get_pins {u_sys_pll/ph1p_phy_pll_wrapper_9424f6f87a2a_Inst/u_PH1P_PHY_PLL.clkc[1]}]
USR-1002 : Derived clock:  create_generated_clock -name {u_sys_pll/ph1p_phy_pll_wrapper_9424f6f87a2a_Inst/u_PH1P_PHY_PLL.clkc[2]} -source [get_ports {I_sys_clk}] -master_clock {sys_clk_25m} -multiply_by 2.0870 -duty_cycle 50.0000 [get_pins {u_sys_pll/ph1p_phy_pll_wrapper_9424f6f87a2a_Inst/u_PH1P_PHY_PLL.clkc[2]}]
USR-1002 : Derived clock:  create_generated_clock -name {u_sys_pll/ph1p_phy_pll_wrapper_9424f6f87a2a_Inst/u_PH1P_PHY_PLL.clkc[3]} -source [get_ports {I_sys_clk}] -master_clock {sys_clk_25m} -divide_by 2.5000 -duty_cycle 50.0000 [get_pins {u_sys_pll/ph1p_phy_pll_wrapper_9424f6f87a2a_Inst/u_PH1P_PHY_PLL.clkc[3]}]
USR-1002 : Derived clock:  create_generated_clock -name {u_fb/u_ddr/u_ddr2/ph1p_ddrmc_wrapper/u_ddr_phy/u_ddrphy_top/u_ddrphy_clk/u_pll1/u_pll_inst.clkc[0]} -source [get_pins {u_fb/u_ddr/u_ddr2/ph1p_ddrmc_wrapper/u_ddr_phy/u_ddrphy_top/u_ddrphy_clk/u_pll0/u_pll_inst.clkc[0]}] -master_clock {u_fb/u_ddr/u_ddr2/ph1p_ddrmc_wrapper/u_ddr_phy/u_ddrphy_top/u_ddrphy_clk/u_pll0/u_pll_inst.clkc[0]} -multiply_by 1.0000 -duty_cycle 50.0000 [get_pins {u_fb/u_ddr/u_ddr2/ph1p_ddrmc_wrapper/u_ddr_phy/u_ddrphy_top/u_ddrphy_clk/u_pll1/u_pll_inst.clkc[0]}]
USR-6001 WARNING: No clocks matched 'get_clocks u_cam/u_mipi_rx/u_ph1p_mipiio_rx_wrapper/u_PH1P_LOGIC_DPHY_MIPI_RX.o_fabric_div4_8_clk'
USR-6001 WARNING: No clocks matched 'get_clocks u_disp/u_mipi_tx/u_ph1p_mipiio_tx_wrapper/u_PH1P_LOGIC_DPHY_MIPI_TX.o_fabric_div4_8_clk'
USR-6001 WARNING: No clocks matched 'get_clocks MIPI_RX_BYTE_CLK'
USR-6001 WARNING: No clocks matched 'get_clocks MIPI_TX_BYTE_CLK'
USR-6001 WARNING: No clocks matched 'get_clocks u_fb/u_ddr/u_ddr2/ddr_clk'
USR-6001 WARNING: No clocks matched 'get_clocks u_fb/u_ddr/u_ddr2/usr_clk'
USR-6136 CRITICAL-WARNING: 'derive_pll_clocks' is obsolete. Please use 'derive_clocks' instead, which handles more types of clock deriving resources. 
Launching timing wizard will update this command automatically.
8.980000
7.529000
7.529000
19.166000
RUN-1003 : finish command "start_timer" in  1.171390s wall, 1.140625s user + 0.000000s system = 1.140625s CPU (97.4%)

RUN-1004 : used memory is 820 MB, reserved memory is 812 MB, peak memory is 820 MB
TMR-2502 : Net delay update with mode: Placed
PHY-3001 : No need to merge 9x9 Dsps.
PHY-1001 : Populate physical database on model mctop.
PHY-1001 : End Stage 2.3 | Global Placement Step 1; Time: 6.564821s wall, 12.156250s user + 2.875000s system = 15.031250s CPU (229.0%); Memory(MB): used = 899, reserved = 891, peak = 899;

PHY-1001 : Stage 2.4 | RAM/DSP Legalization and Detailed Placement
PHY-1001 : Stage 2.4.1 | Legalization
PHY-3001 : Before Legalized: Len = 1.07086e+06
PHY-3001 : After Legalized: Len = 1.07109e+06, Over = 101.5
PHY-1001 : End Stage 2.4.1 | Legalization; Time: 1.060945s wall, 1.015625s user + 0.000000s system = 1.015625s CPU (95.7%); Memory(MB): used = 901, reserved = 892, peak = 901;

PHY-1001 : Stage 2.4.2 | Detailed Placement
PHY-1001 : Stage 2.4.2.1 | Simulated Annealing Based DP
PHY-0007 : Initial: WL Cost = 101500, TD Cost = 197227, SWNS = 2063, STNS = 0, Nums per T = 490, Range Limit = 2x32
PHY-0007 : Finally: WL Cost = 97007.5, TD Cost = 194615, WL Ratio = 0.955736, TD Ratio = 0.986755, SWNS = 1984, STNS = 0
RUN-1001 : Print Detailed placement's Summary information
RUN-1001 : -------------------------------------------------------------------------------------------------------------------------------
RUN-1001 :             |  Total  |  Accept  |  Reject by overFlow  |  Reject by worseCost  |  Failed by noTarget  |  Failed by gridCheck  
RUN-1001 : -------------------------------------------------------------------------------------------------------------------------------
RUN-1001 :   RAM/DSPs  |  2450   |    77    |          0           |         2373          |          0           |           0           
RUN-1001 :    Macros   |   409   |    19    |          0           |          390          |          0           |           0           
RUN-1001 : -------------------------------------------------------------------------------------------------------------------------------
PHY-1001 : End Stage 2.4.2.1 | Simulated Annealing Based DP; Time: 1.513589s wall, 1.906250s user + 0.109375s system = 2.015625s CPU (133.2%); Memory(MB): used = 904, reserved = 895, peak = 904;

PHY-3001 : End Detailed Place; 
PHY-1001 : End Stage 2.4.2 | Detailed Placement; Time: 1.671968s wall, 2.031250s user + 0.109375s system = 2.140625s CPU (128.0%); Memory(MB): used = 904, reserved = 895, peak = 904;

PHY-1001 : End Stage 2.4 | RAM/DSP Legalization and Detailed Placement; Time: 2.733568s wall, 3.046875s user + 0.109375s system = 3.156250s CPU (115.5%); Memory(MB): used = 904, reserved = 895, peak = 904;

PHY-1001 : Stage 2.5 | Global Placement Step 2
PHY-3001 : Target density is 60%
PHY-1001 : Stage 2.5.1 | Update Timing
PHY-1001 : SWNS: 1984, STNS: 0, FEP: 0
PHY-1001 : End Stage 2.5.1 | Update Timing; Time: 0.100804s wall, 0.093750s user + 0.000000s system = 0.093750s CPU (93.0%); Memory(MB): used = 904, reserved = 895, peak = 904;

PHY-1001 : Stage 2.5.2 | Refresh Congestion
RUN-1001 : Generating global routing grids ...
RUN-1001 : Building simple global routing graph ...
PHY-1001 : Generate routing nets ...
PHY-1001 : Reuse net number 0/9416.
PHY-1001 : Global iterations in 16 thread ...
PHY-1002 : len = 1.06822e+06, over cnt = 1591(2%), over = 8997, worst = 49
PHY-1001 : End global iterations;  0.285935s wall, 0.437500s user + 0.000000s system = 0.437500s CPU (153.0%)

PHY-1001 : Congestion index:
PHY-1001 : top1  = 160.94(S 129.90, N 91.19, E 127.71, W 125.82, I 366.34, O 414.64)
PHY-1001 : top5  = 109.89(S 74.81, N 54.77, E 74.57, W 75.91, I 188.51, O 224.37)
PHY-1001 : top10 = 86.08(S 53.31, N 40.78, E 53.02, W 55.40, I 128.44, O 157.27)
PHY-1001 : top15 = 72.15(S 42.41, N 32.73, E 41.49, W 44.59, I 95.90, O 118.16)
PHY-1001 : End Stage 2.5.2 | Refresh Congestion; Time: 0.596584s wall, 0.734375s user + 0.000000s system = 0.734375s CPU (123.1%); Memory(MB): used = 977, reserved = 974, peak = 977;

PHY-1001 : Stage 2.5.3 | GP Iteration
PHY-1001 : End Stage 2.5.3 | GP Iteration; Time: 4.665078s wall, 32.796875s user + 1.031250s system = 33.828125s CPU (725.1%); Memory(MB): used = 981, reserved = 978, peak = 981;

PHY-3001 : Multithread accelerating rate: 7.24
PHY-1001 : End Stage 2.5 | Global Placement Step 2; Time: 6.479114s wall, 34.703125s user + 1.031250s system = 35.734375s CPU (551.5%); Memory(MB): used = 983, reserved = 980, peak = 983;

PHY-1001 : Stage 2.6 | RAM/DSP Detailed Placement
PHY-1001 : Stage 2.6.1 | Detailed Placement
PHY-1001 : Stage 2.6.1.1 | Simulated Annealing Based DP
PHY-0007 : Initial: WL Cost = 109049, TD Cost = 288572, SWNS = 2118, STNS = 0, Nums per T = 490, Range Limit = 2x32
PHY-0007 : Finally: WL Cost = 108983, TD Cost = 288565, WL Ratio = 0.999402, TD Ratio = 0.999975, SWNS = 2118, STNS = 0
RUN-1001 : Print Detailed placement's Summary information
RUN-1001 : -------------------------------------------------------------------------------------------------------------------------------
RUN-1001 :             |  Total  |  Accept  |  Reject by overFlow  |  Reject by worseCost  |  Failed by noTarget  |  Failed by gridCheck  
RUN-1001 : -------------------------------------------------------------------------------------------------------------------------------
RUN-1001 :   RAM/DSPs  |  1470   |    4     |          0           |         1466          |          0           |           0           
RUN-1001 :    Macros   |   251   |    1     |          0           |          250          |          0           |           0           
RUN-1001 : -------------------------------------------------------------------------------------------------------------------------------
PHY-1001 : End Stage 2.6.1.1 | Simulated Annealing Based DP; Time: 1.084395s wall, 1.359375s user + 0.015625s system = 1.375000s CPU (126.8%); Memory(MB): used = 986, reserved = 983, peak = 986;

PHY-3001 : End Detailed Place; 
PHY-1001 : End Stage 2.6.1 | Detailed Placement; Time: 1.204597s wall, 1.468750s user + 0.015625s system = 1.484375s CPU (123.2%); Memory(MB): used = 986, reserved = 983, peak = 986;

PHY-1001 : Stage 2.6.2 | Spreading
OPT-1001 : Total overflow 467.06 peak overflow 5.50
PHY-3001 : Spreading for sector grids.
PHY-3001 : Iter 1, total overflow: 0
PHY-3001 : tot_capacity: 48, usage_cnt: 22, movable_cnt: 44
PHY-3001 : End spreading;  0.040532s wall, 0.078125s user + 0.000000s system = 0.078125s CPU (192.7%)

PHY-1001 : End Stage 2.6.2 | Spreading; Time: 0.040595s wall, 0.078125s user + 0.000000s system = 0.078125s CPU (192.4%); Memory(MB): used = 986, reserved = 983, peak = 986;

PHY-1001 : End Stage 2.6 | RAM/DSP Detailed Placement; Time: 1.373218s wall, 1.671875s user + 0.015625s system = 1.687500s CPU (122.9%); Memory(MB): used = 986, reserved = 983, peak = 986;

PHY-1001 : Stage 2.7 | Optimize Design
OPT-1001 : Start physical optimization ...
OPT-1001 : Total overflow 467.06 peak overflow 5.50
OPT-1001 : Stage 2.7.1 | Synthesize High-fanout Net
OPT-1001 : Start high-fanout net optimization in pre-pack flow with medium effort ...
OPT-1001 : Update timing in Manhattan mode
OPT-1001 : End timing update;  1.039208s wall, 1.000000s user + 0.015625s system = 1.015625s CPU (97.7%)

OPT-1001 : Start: SWNS 2118 STNS 0 NUM_FEPS 0
OPT-1001 : Total overflow 467.06 peak overflow 5.50
DBG-001 :  select 42 high fanout candidates
DBG-001 :  crit level 1 net count 9 (fanout thres 50)
DBG-001 :  crit level 2 net count 4 (fanout thres 50)
DBG-001 :  crit level 3 net count 8 (fanout thres 40)
DBG-001 :  crit level 4 net count 4 (fanout thres 30)
DBG-001 :  crit level 5 net count 10 (fanout thres 30)
DBG-001 :  crit level 6 net count 7 (fanout thres 30)
PHY-1001 : Populate physical database on model mctop.
OPT-1001 : 35 high-fanout net processed.
PHY-3001 : Start incremental placement ...
PHY-1001 : Populate physical database on model mctop.
PHY-1001 : Processing 2 clock pins of DDR instance u_fb/u_ddr/u_ddr2/ph1p_ddrmc_wrapper/u_ddr_phy/u_ddrphy_top/u_ddrphy/ac_byte[0]$ac_byte_used$u_ddrphy_ac_byte_wrapper/u_ddrphy_byte, location = x0y70z0.
PHY-1001 :   Placed ioclk instance u_fb/u_ddr/u_ddr2/ph1p_ddrmc_wrapper/u_ddr_phy/u_ddrphy_top/u_ddrphy_clk/ioclk[0]$u_ioclk_1, location = x0y59z1.
PHY-1001 :   Placed ioclk instance u_fb/u_ddr/u_ddr2/ph1p_ddrmc_wrapper/u_ddr_phy/u_ddrphy_top/u_ddrphy_clk/ioclk[0]$u_ioclk_0, location = x0y59z0.
PHY-1001 : Processing 2 clock pins of DDR instance u_fb/u_ddr/u_ddr2/ph1p_ddrmc_wrapper/u_ddr_phy/u_ddrphy_top/u_ddrphy/ac_byte[1]$ac_byte_used$u_ddrphy_ac_byte_wrapper/u_ddrphy_byte, location = x0y60z0.
PHY-1001 :   Placed ioclk instance u_fb/u_ddr/u_ddr2/ph1p_ddrmc_wrapper/u_ddr_phy/u_ddrphy_top/u_ddrphy_clk/ioclk[0]$u_ioclk_1, location = x0y59z1.
PHY-1001 :   Placed ioclk instance u_fb/u_ddr/u_ddr2/ph1p_ddrmc_wrapper/u_ddr_phy/u_ddrphy_top/u_ddrphy_clk/ioclk[0]$u_ioclk_0, location = x0y59z0.
PHY-1001 : Processing 2 clock pins of DDR instance u_fb/u_ddr/u_ddr2/ph1p_ddrmc_wrapper/u_ddr_phy/u_ddrphy_top/u_ddrphy/ac_byte[2]$ac_byte_used$u_ddrphy_ac_byte_wrapper/u_ddrphy_byte, location = x0y50z0.
PHY-1001 :   Placed ioclk instance u_fb/u_ddr/u_ddr2/ph1p_ddrmc_wrapper/u_ddr_phy/u_ddrphy_top/u_ddrphy_clk/ioclk[0]$u_ioclk_1, location = x0y59z1.
PHY-1001 :   Placed ioclk instance u_fb/u_ddr/u_ddr2/ph1p_ddrmc_wrapper/u_ddr_phy/u_ddrphy_top/u_ddrphy_clk/ioclk[0]$u_ioclk_0, location = x0y59z0.
PHY-1001 : Processing 2 clock pins of DDR instance u_fb/u_ddr/u_ddr2/ph1p_ddrmc_wrapper/u_ddr_phy/u_ddrphy_top/u_ddrphy/ac_byte[3]$ac_byte_used$u_ddrphy_ac_byte_wrapper/u_ddrphy_byte, location = x0y40z0.
PHY-1001 :   Placed ioclk instance u_fb/u_ddr/u_ddr2/ph1p_ddrmc_wrapper/u_ddr_phy/u_ddrphy_top/u_ddrphy_clk/ioclk[0]$u_ioclk_1, location = x0y59z1.
PHY-1001 :   Placed ioclk instance u_fb/u_ddr/u_ddr2/ph1p_ddrmc_wrapper/u_ddr_phy/u_ddrphy_top/u_ddrphy_clk/ioclk[0]$u_ioclk_0, location = x0y59z0.
PHY-1001 : Processing 2 clock pins of DDR instance u_fb/u_ddr/u_ddr2/ph1p_ddrmc_wrapper/u_ddr_phy/u_ddrphy_top/u_ddrphy/dx_byte[0]$dx_byte_used$u_ddrphy_dx_byte_wrapper/u_ddrphy_byte, location = x0y30z0.
PHY-1001 :   Placed ioclk instance u_fb/u_ddr/u_ddr2/ph1p_ddrmc_wrapper/u_ddr_phy/u_ddrphy_top/u_ddrphy_clk/ioclk[1]$u_ioclk_1, location = x0y19z1.
PHY-1001 :   Placed ioclk instance u_fb/u_ddr/u_ddr2/ph1p_ddrmc_wrapper/u_ddr_phy/u_ddrphy_top/u_ddrphy_clk/ioclk[1]$u_ioclk_0, location = x0y19z0.
PHY-1001 : Processing 2 clock pins of DDR instance u_fb/u_ddr/u_ddr2/ph1p_ddrmc_wrapper/u_ddr_phy/u_ddrphy_top/u_ddrphy/dx_byte[1]$dx_byte_used$u_ddrphy_dx_byte_wrapper/u_ddrphy_byte, location = x0y10z0.
PHY-1001 :   Placed ioclk instance u_fb/u_ddr/u_ddr2/ph1p_ddrmc_wrapper/u_ddr_phy/u_ddrphy_top/u_ddrphy_clk/ioclk[1]$u_ioclk_1, location = x0y19z1.
PHY-1001 :   Placed ioclk instance u_fb/u_ddr/u_ddr2/ph1p_ddrmc_wrapper/u_ddr_phy/u_ddrphy_top/u_ddrphy_clk/ioclk[1]$u_ioclk_0, location = x0y19z0.
PHY-3001 : Target density is 60%
PHY-3001 : Target density is 60%
PHY-1001 : Stage 2.7.1.1 | Update Timing
PHY-1001 : SWNS: 2118, STNS: 0, FEP: 0
PHY-1001 : End Stage 2.7.1.1 | Update Timing; Time: 0.117973s wall, 0.125000s user + 0.000000s system = 0.125000s CPU (106.0%); Memory(MB): used = 987, reserved = 983, peak = 987;

PHY-1001 : Stage 2.7.1.2 | Refresh Congestion
RUN-1001 : Generating global routing grids ...
PHY-1001 : Generate routing nets ...
PHY-1001 : Reuse net number 121/19053.
PHY-1001 : Global iterations in 16 thread ...
PHY-1002 : len = 1.28853e+06, over cnt = 2541(3%), over = 13458, worst = 55
PHY-1001 : End global iterations;  0.514014s wall, 0.906250s user + 0.000000s system = 0.906250s CPU (176.3%)

PHY-1001 : Congestion index:
PHY-1001 : top1  = 152.15(S 121.44, N 106.61, E 112.83, W 122.62, I 179.36, O 196.38)
PHY-1001 : top5  = 109.54(S 81.97, N 71.65, E 75.14, W 77.43, I 112.37, O 129.51)
PHY-1001 : top10 = 91.61(S 64.10, N 55.70, E 59.53, W 60.69, I 85.87, O 100.52)
PHY-1001 : top15 = 81.08(S 53.73, N 46.35, E 50.41, W 51.48, I 71.10, O 83.73)
PHY-1001 : End Stage 2.7.1.2 | Refresh Congestion; Time: 0.697577s wall, 1.078125s user + 0.000000s system = 1.078125s CPU (154.6%); Memory(MB): used = 995, reserved = 991, peak = 995;

PHY-1001 : Stage 2.7.1.3 | GP Iteration
PHY-1001 : End Stage 2.7.1.3 | GP Iteration; Time: 2.151506s wall, 14.750000s user + 0.312500s system = 15.062500s CPU (700.1%); Memory(MB): used = 996, reserved = 993, peak = 996;

PHY-3001 : Multithread accelerating rate: 6.96
OPT-1001 : Total overflow 497.53 peak overflow 4.97
PHY-3001 : Spreading for sector grids.
PHY-3001 : Iter 1, total overflow: 0
PHY-3001 : tot_capacity: 48, usage_cnt: 23, movable_cnt: 44
PHY-3001 : End spreading;  0.038170s wall, 0.203125s user + 0.000000s system = 0.203125s CPU (532.2%)

PHY-3001 : Final: Len = 1.08214e+06, Over = 72.6875
PHY-3001 : End incremental placement;  3.226990s wall, 16.359375s user + 0.312500s system = 16.671875s CPU (516.6%)

OPT-1001 : Total overflow 497.53 peak overflow 4.97
RUN-1001 : HFN opt statistic
RUN-1001 : ------------------------------------------------------
RUN-1001 :   DriverCell type  |  HFN count  |  Duplicated count  
RUN-1001 : ------------------------------------------------------
RUN-1001 :         REG        |     25      |        121         
RUN-1001 :        LUT6        |      2      |         19         
RUN-1001 :        LUT5        |      4      |         21         
RUN-1001 :        LUT4        |      0      |         0          
RUN-1001 :        LUT3        |      2      |         5          
RUN-1001 :        LUT2        |      2      |         9          
RUN-1001 :        TOTAL       |     35      |        175         
RUN-1001 : ------------------------------------------------------
OPT-1001 : End high-fanout net optimization;  5.329733s wall, 18.671875s user + 0.375000s system = 19.046875s CPU (357.4%)

OPT-1001 : Update timing in Manhattan mode
OPT-1001 : End timing update;  1.062644s wall, 1.015625s user + 0.015625s system = 1.031250s CPU (97.0%)

OPT-1001 : Current memory(MB): used = 996, reserved = 994, peak = 997.
OPT-1001 : End Stage 2.7.1 | Synthesize High-fanout Net; Time: 6.509149s wall, 19.796875s user + 0.390625s system = 20.187500s CPU (310.1%); Memory(MB): used = 996, reserved = 994, peak = 997;

OPT-1001 : Stage 2.7.2 | Global Optimization
OPT-1001 : Start global optimization ...
OPT-0007 : Start: SWNS 2180 STNS 0 NUM_FEPS 0
OPT-1001 : Start congestion update ...
RUN-1001 : Generating global routing grids ...
PHY-1001 : Generate routing nets ...
PHY-1001 : Reuse net number 1783/18065.
PHY-1001 : Global iterations in 16 thread ...
PHY-1002 : len = 1.26266e+06, over cnt = 2202(3%), over = 7279, worst = 18
PHY-1002 : len = 1.36048e+06, over cnt = 1844(2%), over = 4319, worst = 13
PHY-1002 : len = 1.448e+06, over cnt = 719(1%), over = 1624, worst = 13
PHY-1002 : len = 1.47696e+06, over cnt = 354(0%), over = 795, worst = 13
PHY-1002 : len = 1.51054e+06, over cnt = 68(0%), over = 97, worst = 4
PHY-1001 : End global iterations;  1.567925s wall, 2.109375s user + 0.000000s system = 2.109375s CPU (134.5%)

PHY-1001 : Congestion index:
PHY-1001 : top1  = 88.71(S 76.81, N 65.90, E 74.53, W 84.13, I 213.32, O 223.85)
PHY-1001 : top5  = 72.34(S 59.68, N 51.95, E 54.11, W 64.78, I 121.89, O 136.67)
PHY-1001 : top10 = 64.02(S 51.33, N 44.09, E 45.50, W 54.40, I 89.81, O 105.05)
PHY-1001 : top15 = 58.80(S 45.62, N 39.06, E 40.19, W 47.84, I 72.57, O 86.81)
OPT-1001 : End congestion update;  1.823211s wall, 2.281250s user + 0.031250s system = 2.312500s CPU (126.8%)

OPT-0007 : Iter 1: improved SWNS 2382 STNS 0 NUM_FEPS 0 with 52 cells processed and 4393 slack improved
OPT-0007 : Iter 2: improved SWNS 2486 STNS 0 NUM_FEPS 0 with 44 cells processed and 7408 slack improved
OPT-0007 : Iter 3: improved SWNS 2486 STNS 0 NUM_FEPS 0 with 39 cells processed and 8061 slack improved
OPT-0007 : Iter 4: improved SWNS 2486 STNS 0 NUM_FEPS 0 with 32 cells processed and 4483 slack improved
OPT-0007 : Iter 5: improved SWNS 2486 STNS 0 NUM_FEPS 0 with 12 cells processed and 1920 slack improved
OPT-1001 : Overall commit ratio 0.59
OPT-1001 : End global optimization;  1.982809s wall, 2.406250s user + 0.031250s system = 2.437500s CPU (122.9%)

OPT-1001 : Current memory(MB): used = 997, reserved = 994, peak = 997.
OPT-1001 : End Stage 2.7.2 | Global Optimization; Time: 3.091461s wall, 3.515625s user + 0.031250s system = 3.546875s CPU (114.7%); Memory(MB): used = 997, reserved = 994, peak = 997;

OPT-0007 : End flow prepack: SWNS 2486 STNS 0 NUM_FEPS 0
OPT-1001 : End physical optimization;  9.672190s wall, 23.390625s user + 0.421875s system = 23.812500s CPU (246.2%)

PHY-1001 : End Stage 2.7 | Optimize Design; Time: 9.674480s wall, 23.390625s user + 0.421875s system = 23.812500s CPU (246.1%); Memory(MB): used = 997, reserved = 994, peak = 997;

PHY-1001 : Stage 2.8 | Pack and Legalization
PHY-1001 : Stage 2.8.1 | Direct Legalization
PHY-3001 : Start Direct Legalization ...
PHY-3001 : Get top1 grid util = 0.586719, top1_avg = 0.586719.
PHY-1001 : Populate physical database on model mctop.
PHY-3001 : Target density is 60%
PHY-3001 : Before Legalization for Slice Macros, Len = 1.09354e+06.
RUN-1001 : Legalization top10 inst displacement:
RUN-1001 : --------------------------------------------------------------------------------------------------------------------------------------------------------------------------------------------------------
RUN-1001 :   Index  |  Bounded  |  Height  |        Location        |  Disp. (slots)  |  Disp. (grids)  |                                                   Name                                                   
RUN-1001 : --------------------------------------------------------------------------------------------------------------------------------------------------------------------------------------------------------
RUN-1001 :     1    |     N     |    8     |   x3y64z1 to x5y67z0   |       39        |        5        |        u_fb/u_ddr/u_ddr2/ph1p_ddrmc_wrapper/u_ddr_phy/u_ddrphy_top/u_ddrphy_init/ramread0_syn_91         
RUN-1001 :     2    |     N     |    8     |   x3y64z1 to x5y66z0   |       31        |        4        |        u_fb/u_ddr/u_ddr2/ph1p_ddrmc_wrapper/u_ddr_phy/u_ddrphy_top/u_ddrphy_init/ramread0_syn_111        
RUN-1001 :     3    |     N     |    8     |   x3y63z3 to x5y62z0   |       27        |        3        |        u_fb/u_ddr/u_ddr2/ph1p_ddrmc_wrapper/u_ddr_phy/u_ddrphy_top/u_ddrphy_init/ramread0_syn_151        
RUN-1001 :     4    |     N     |    8     |   x3y12z1 to x5y11z0   |       25        |        3        |       u_fb/u_ddr/u_ddr2/ph1p_ddrmc_wrapper/u_phy2mc_fifo/byteIdx_1[1]$u_wfifo_sync/ramread0_syn_88       
RUN-1001 :     5    |     N     |    8     |   x3y64z1 to x5y63z0   |       25        |        3        |        u_fb/u_ddr/u_ddr2/ph1p_ddrmc_wrapper/u_ddr_phy/u_ddrphy_top/u_ddrphy_init/ramread0_syn_71         
RUN-1001 :     6    |     N     |    8     |   x3y64z1 to x5y65z0   |       23        |        3        |        u_fb/u_ddr/u_ddr2/ph1p_ddrmc_wrapper/u_ddr_phy/u_ddrphy_top/u_ddrphy_init/ramread0_syn_31         
RUN-1001 :     7    |     N     |    8     |   x4y26z3 to x5y28z0   |       21        |        3        |       u_fb/u_ddr/u_ddr2/ph1p_ddrmc_wrapper/u_phy2mc_fifo/byteIdx_1[0]$u_wfifo_sync/ramread0_syn_48       
RUN-1001 :     8    |     N     |    8     |   x3y25z4 to x5y25z0   |       20        |        2        |       u_fb/u_ddr/u_ddr2/ph1p_ddrmc_wrapper/u_phy2mc_fifo/byteIdx_1[0]$u_wfifo_sync/ramread0_syn_68       
RUN-1001 :     9    |     N     |    8     |   x7y18z4 to x9y19z0   |       20        |        3        |  u_fb/u_ddr/u_ddr2/ph1p_ddrmc_wrapper/u_alc_mc_top/u_rd_data/rd_buffer[0]$u_rd_data_buf/ramread0_syn_72  
RUN-1001 :    10    |     N     |    8     |  x37y10z4 to x39y11z0  |       20        |        3        |                                       u_disp/u_mixer/S_de_2_syn_64                                       
RUN-1001 : --------------------------------------------------------------------------------------------------------------------------------------------------------------------------------------------------------
PHY-3001 : After Legalization for Slice Macros, Len = 1.11952e+06.
RUN-1001 : Generating global routing grids ...
PHY-1001 : Generate routing nets ...
PHY-1001 : Reuse net number 15554/17986.
RUN-1002 : start command "update_timing -mode MANHATTAN"
RUN-1002 : start command "start_timer"
RUN-1003 : finish command "start_timer" in  1.054670s wall, 0.968750s user + 0.015625s system = 0.984375s CPU (93.3%)

RUN-1004 : used memory is 1016 MB, reserved memory is 1012 MB, peak memory is 1016 MB
RUN-1003 : finish command "update_timing -mode MANHATTAN" in  2.022970s wall, 1.875000s user + 0.015625s system = 1.890625s CPU (93.5%)

RUN-1004 : used memory is 1017 MB, reserved memory is 1013 MB, peak memory is 1017 MB
PHY-1001 : Global iterations in 16 thread ...
PHY-1002 : len = 1.51587e+06, over cnt = 674(0%), over = 1411, worst = 10
PHY-1002 : len = 1.52669e+06, over cnt = 542(0%), over = 921, worst = 9
PHY-1002 : len = 1.54037e+06, over cnt = 274(0%), over = 435, worst = 8
PHY-1002 : len = 1.54722e+06, over cnt = 166(0%), over = 234, worst = 5
PHY-1002 : len = 1.55421e+06, over cnt = 39(0%), over = 48, worst = 2
PHY-1001 : End global iterations;  0.747566s wall, 0.843750s user + 0.000000s system = 0.843750s CPU (112.9%)

PHY-1001 : Congestion index:
PHY-1001 : top1  = 87.69(S 75.05, N 66.74, E 73.46, W 82.81, I 209.59, O 220.56)
PHY-1001 : top5  = 71.73(S 59.38, N 52.02, E 54.36, W 64.13, I 117.44, O 134.26)
PHY-1001 : top10 = 63.56(S 50.99, N 44.54, E 46.02, W 54.00, I 87.30, O 104.55)
PHY-1001 : top15 = 58.45(S 45.42, N 39.52, E 40.84, W 47.74, I 71.14, O 86.66)
PHY-3001 : Total Iter 284, legal = 20096 / 20096 (100.00%), avg_move = 28.96, max_move = 273.
PHY-3001 : There are no illegal insts.
PHY-1001 : Populate physical database on model mctop.
PHY-3001 : End Direct Legalization;  37.967982s wall, 359.031250s user + 3.296875s system = 362.328125s CPU (954.3%)

RUN-1001 : Summary of LUT-FF Pairs
RUN-1001 : ---------------------------------------------------------------
RUN-1001 :   Num of Fanout Seqs  |   1x   |  2x  |  3~5  |  6~10  |  >10  
RUN-1001 : ---------------------------------------------------------------
RUN-1001 :         Total         |  5545  |  33  |  66   |   11   |  24   
RUN-1001 :          Grid         |  5520  |  31  |  63   |   11   |  24   
RUN-1001 :          Bank         |  5272  |  27  |  57   |   11   |  24   
RUN-1001 :         Paired        |  5242  |  27  |  57   |   11   |  24   
RUN-1001 : ---------------------------------------------------------------
RUN-1001 : Summary of LUT Pairs
RUN-1001 : ---------------------------------------------------------------------------------------------------------------------
RUN-1001 :            |           |           |           |           |           |  O5 + O6  |  Only O5  |  Only O6  |  Total  
RUN-1001 : ---------------------------------------------------------------------------------------------------------------------
RUN-1001 :   5 Share  |  4 Share  |  3 Share  |  2 Share  |  1 Share  |  0 Share  |           |           |           |         
RUN-1001 :     70     |    253    |    341    |    430    |   1054    |   2245    |   4393    |   2884    |   2237    |  9514   
RUN-1001 : ---------------------------------------------------------------------------------------------------------------------
PHY-1001 : End Stage 2.8.1 | Direct Legalization; Time: 38.005940s wall, 359.062500s user + 3.296875s system = 362.359375s CPU (953.4%); Memory(MB): used = 1115, reserved = 1110, peak = 1115;

PHY-3001 : Target density is 60%
PHY-3001 : After Direct Legalization, Len = 1.33813e+06.
PHY-1001 : End Stage 2.8 | Pack and Legalization; Time: 38.104425s wall, 359.171875s user + 3.296875s system = 362.468750s CPU (951.3%); Memory(MB): used = 1115, reserved = 1110, peak = 1115;

RUN-1002 : start command "start_timer"
RUN-1003 : finish command "start_timer" in  2.113799s wall, 2.031250s user + 0.015625s system = 2.046875s CPU (96.8%)

RUN-1004 : used memory is 1115 MB, reserved memory is 1110 MB, peak memory is 1115 MB
PHY-1001 : End Stage 2 | Global Placement; Time: 68.189708s wall, 437.312500s user + 7.781250s system = 445.093750s CPU (652.7%); Memory(MB): used = 1115, reserved = 1110, peak = 1115;

PHY-1001 : Stage 3 | Detailed Placement
PHY-1001 : Stage 3.1 | SLICE Detailed Placement
PHY-1001 : Stage 3.1.1 | Spreading
PHY-3001 : Design contains 321 ce signals.
PHY-3001 : Spreading for sector grids.
PHY-3001 : Iter 1, total overflow: 0
PHY-3001 : tot_capacity: 48, usage_cnt: 24, movable_cnt: 35
PHY-3001 : Spreading for clock grids.
PHY-3001 : clock grid count for 24 x 4 grids
PHY-3001 : Spreading for plb grids.
PHY-3001 : total displace: 0, max displace: 0.
PHY-3001 : End spreading;  0.162226s wall, 0.156250s user + 0.000000s system = 0.156250s CPU (96.3%)

PHY-1001 : End Stage 3.1.1 | Spreading; Time: 0.162288s wall, 0.156250s user + 0.000000s system = 0.156250s CPU (96.3%); Memory(MB): used = 1115, reserved = 1110, peak = 1115;

PHY-1001 : Stage 3.1.2 | Simulated Annealing Based DP
RUN-1001 : Generating global routing grids ...
PHY-1001 : Generate routing nets ...
PHY-1001 : Reuse net number 1707/14287.
PHY-1001 : Global iterations in 16 thread ...
PHY-1002 : len = 1.47549e+06, over cnt = 1253(1%), over = 2518, worst = 9
PHY-1002 : len = 1.49605e+06, over cnt = 867(1%), over = 1473, worst = 8
PHY-1002 : len = 1.50931e+06, over cnt = 568(0%), over = 931, worst = 7
PHY-1002 : len = 1.5315e+06, over cnt = 247(0%), over = 389, worst = 6
PHY-1002 : len = 1.53912e+06, over cnt = 42(0%), over = 68, worst = 4
PHY-1001 : End global iterations;  0.983378s wall, 1.437500s user + 0.000000s system = 1.437500s CPU (146.2%)

PHY-1001 : Congestion index:
PHY-1001 : top1  = 74.05(S 61.62, N 53.41, E 63.73, W 70.31, I 60.20, O 82.07)
PHY-1001 : top5  = 61.81(S 48.84, N 41.52, E 49.31, W 55.09, I 52.28, O 64.47)
PHY-1001 : top10 = 55.41(S 41.86, N 35.40, E 42.87, W 47.07, I 47.54, O 56.97)
PHY-1001 : top15 = 51.32(S 37.30, N 31.68, E 38.72, W 42.15, I 43.88, O 51.70)
PHY-0007 : Initial: WL Cost = 111504, TD Cost = 271252, SWNS = 1411, STNS = 0, Nums per T = 88090, Range Limit = 4x8
PHY-0007 : Finally: WL Cost = 99153.6, TD Cost = 203806, WL Ratio = 0.889237, TD Ratio = 0.751354, SWNS = 2038, STNS = 0
RUN-1001 : Print Detailed placement's Summary information
RUN-1001 : ------------------------------------------------------------------------------------------------------------------------------
RUN-1001 :           |  Total   |  Accept  |  Reject by overFlow  |  Reject by worseCost  |  Failed by noTarget  |  Failed by gridCheck  
RUN-1001 : ------------------------------------------------------------------------------------------------------------------------------
RUN-1001 :   Slices  |  880900  |  23837   |         808          |        842321         |          49          |         13885         
RUN-1001 :   Macros  |  17187   |   123    |          49          |         16986         |          6           |          23           
RUN-1001 : ------------------------------------------------------------------------------------------------------------------------------
PHY-1001 : End Stage 3.1.2 | Simulated Annealing Based DP; Time: 14.905942s wall, 15.859375s user + 0.171875s system = 16.031250s CPU (107.5%); Memory(MB): used = 1120, reserved = 1115, peak = 1120;

PHY-3001 : End Detailed Place; 
PHY-3001 : Final: Len = 1.16778e+06, Over = 0
PHY-1001 : End Stage 3.1 | SLICE Detailed Placement; Time: 15.310985s wall, 16.250000s user + 0.171875s system = 16.421875s CPU (107.3%); Memory(MB): used = 1120, reserved = 1115, peak = 1120;

PHY-3001 : End Detailed Place; 
PHY-1001 : Stage 3.2 | Optimize Design
OPT-1001 : Start physical optimization ...
OPT-1001 : Total overflow 0.00 peak overflow 0.00
OPT-1001 : Stage 3.2.1 | Physical Optimization
OPT-1001 : Start high-fanout net optimization in optimize equivalent flow with medium effort ...
OPT-1001 : Clean unloaded insts before merging registers
PHY-1001 : Populate physical database on model mctop.
PHY-1001 : Populate physical database on model mctop.
OPT-1001 : Total overflow 0.00 peak overflow 0.00
OPT-1001 : End optimize duplicated nets. Total 74 instances are merged and 811 sinks are reconnected,  1.836473s wall, 1.812500s user + 0.015625s system = 1.828125s CPU (99.5%)

OPT-1001 : End high-fanout net optimization;  1.837344s wall, 1.812500s user + 0.015625s system = 1.828125s CPU (99.5%)

OPT-1001 : Update timing in Manhattan mode
RUN-1002 : start command "start_timer"
RUN-1003 : finish command "start_timer" in  1.770148s wall, 1.703125s user + 0.031250s system = 1.734375s CPU (98.0%)

RUN-1004 : used memory is 1120 MB, reserved memory is 1115 MB, peak memory is 1120 MB
OPT-1001 : End timing update;  2.810170s wall, 2.734375s user + 0.031250s system = 2.765625s CPU (98.4%)

OPT-1001 : Current memory(MB): used = 1120, reserved = 1115, peak = 1120.
OPT-1001 : End Stage 3.2.1 | Physical Optimization; Time: 4.760949s wall, 4.640625s user + 0.062500s system = 4.703125s CPU (98.8%); Memory(MB): used = 1120, reserved = 1115, peak = 1120;

OPT-1001 : Stage 3.2.2 | Synthesize High-fanout Net
OPT-1001 : Start high-fanout net optimization in post-pack flow with medium effort ...
OPT-1001 : Start: SWNS 2064 STNS 0 NUM_FEPS 0
OPT-1001 : Total overflow 0.00 peak overflow 0.00
DBG-001 :  select 33 high fanout candidates
DBG-001 :  crit level 1 net count 0 (fanout thres 50)
DBG-001 :  crit level 2 net count 0 (fanout thres 50)
DBG-001 :  crit level 3 net count 0 (fanout thres 40)
DBG-001 :  crit level 4 net count 6 (fanout thres 30)
DBG-001 :  crit level 5 net count 25 (fanout thres 30)
DBG-001 :  crit level 6 net count 2 (fanout thres 30)
PHY-1001 : Populate physical database on model mctop.
OPT-1001 : 29 high-fanout net processed.
OPT-1001 : Total overflow 0.00 peak overflow 0.00
RUN-1001 : HFN opt statistic
RUN-1001 : ------------------------------------------------------
RUN-1001 :   DriverCell type  |  HFN count  |  Duplicated count  
RUN-1001 : ------------------------------------------------------
RUN-1001 :       LSLICE       |      0      |         0          
RUN-1001 :       MSLICE       |      0      |         0          
RUN-1001 :        OTHER       |     29      |         13         
RUN-1001 :        TOTAL       |     29      |         13         
RUN-1001 : ------------------------------------------------------
OPT-1001 : End high-fanout net optimization;  0.473274s wall, 0.437500s user + 0.000000s system = 0.437500s CPU (92.4%)

OPT-1001 : Current memory(MB): used = 1120, reserved = 1115, peak = 1120.
OPT-1001 : End Stage 3.2.2 | Synthesize High-fanout Net; Time: 0.587315s wall, 0.562500s user + 0.000000s system = 0.562500s CPU (95.8%); Memory(MB): used = 1120, reserved = 1115, peak = 1120;

OPT-1001 : Stage 3.2.3 | Optimize Path
OPT-1001 : Start unpack path based optimization ...
OPT-0007 : Start: SWNS 2064 STNS 0 NUM_FEPS 0 with mode 2
OPT-1001 : Start congestion update ...
RUN-1001 : Generating global routing grids ...
PHY-1001 : Generate routing nets ...
PHY-1001 : Reuse net number 4686/14981.
PHY-1001 : Global iterations in 16 thread ...
PHY-1002 : len = 1.39181e+06, over cnt = 1372(1%), over = 2524, worst = 9
PHY-1002 : len = 1.42381e+06, over cnt = 849(1%), over = 1336, worst = 7
PHY-1002 : len = 1.45227e+06, over cnt = 288(0%), over = 457, worst = 5
PHY-1002 : len = 1.4612e+06, over cnt = 73(0%), over = 115, worst = 5
PHY-1002 : len = 1.46365e+06, over cnt = 12(0%), over = 17, worst = 3
PHY-1001 : End global iterations;  0.978865s wall, 1.296875s user + 0.015625s system = 1.312500s CPU (134.1%)

PHY-1001 : Congestion index:
PHY-1001 : top1  = 72.26(S 61.64, N 51.19, E 58.88, W 69.72, I 59.54, O 74.92)
PHY-1001 : top5  = 60.39(S 48.77, N 40.32, E 46.48, W 55.16, I 50.72, O 59.36)
PHY-1001 : top10 = 54.25(S 42.33, N 34.91, E 40.07, W 47.22, I 45.69, O 51.93)
PHY-1001 : top15 = 50.29(S 37.94, N 31.43, E 36.24, W 42.35, I 42.05, O 46.89)
OPT-1001 : End congestion update;  1.256869s wall, 1.593750s user + 0.015625s system = 1.609375s CPU (128.0%)

OPT-0007 : Iter 1: improved SWNS 2691 STNS 0 NUM_FEPS 0 with 77(4727) cells and 2339(2388) paths processed with 23618 slack improved, crit_thod: 2861 ratio: 1.00(109/109) rt: 1.6s
OPT-0007 : Iter 2: improved SWNS 2732 STNS 0 NUM_FEPS 0 with 22(924) cells and 462(462) paths processed with 3465 slack improved, crit_thod: 3000 ratio: 0.93(26/28) rt: 0.6s
OPT-0007 : Iter 3: improved SWNS 2732 STNS 0 NUM_FEPS 0 with 3(234) cells and 117(117) paths processed with 180 slack improved, crit_thod: 3000 ratio: 0.67(4/6) rt: 0.3s
OPT-1001 : End path based optimization;  3.735122s wall, 3.984375s user + 0.015625s system = 4.000000s CPU (107.1%)

OPT-1001 : Current memory(MB): used = 1120, reserved = 1115, peak = 1120.
OPT-1001 : End Stage 3.2.3 | Optimize Path; Time: 3.852474s wall, 4.093750s user + 0.015625s system = 4.109375s CPU (106.7%); Memory(MB): used = 1120, reserved = 1115, peak = 1120;

OPT-1001 : Stage 3.2.4 | Optimize Duplicated Nets
OPT-1001 : Start: WNS 2732 TNS 0 NUM_FEPS 0
OPT-1001 : Clean unloaded insts before merging registers
PHY-1001 : Populate physical database on model mctop.
PHY-1001 : Populate physical database on model mctop.
OPT-1001 : Total overflow 0.00 peak overflow 0.00
OPT-1001 : End optimize duplicated nets. Total 2 instances are merged and 133 sinks are reconnected,  1.726586s wall, 1.718750s user + 0.000000s system = 1.718750s CPU (99.5%)

OPT-1001 : Update timing in Manhattan mode
RUN-1002 : start command "start_timer"
RUN-1003 : finish command "start_timer" in  1.794349s wall, 1.750000s user + 0.031250s system = 1.781250s CPU (99.3%)

RUN-1004 : used memory is 1120 MB, reserved memory is 1115 MB, peak memory is 1120 MB
OPT-1001 : End timing update;  2.850042s wall, 2.765625s user + 0.046875s system = 2.812500s CPU (98.7%)

OPT-1001 : Current memory(MB): used = 1120, reserved = 1115, peak = 1120.
OPT-1001 : End Stage 3.2.4 | Optimize Duplicated Nets; Time: 4.692342s wall, 4.578125s user + 0.046875s system = 4.625000s CPU (98.6%); Memory(MB): used = 1120, reserved = 1115, peak = 1120;

OPT-1001 : Stage 3.2.5 | Swap Pins
OPT-1001 : Start pin optimization...
OPT-1001 : Start: SWNS 2732 STNS 0 NUM_FEPS 0
OPT-1001 : Successfully optimized 2330 instances
OPT-1001 : Successfully optimized 746 instances
OPT-1001 : End pin optimization;  2.454920s wall, 2.375000s user + 0.031250s system = 2.406250s CPU (98.0%)

OPT-1001 : Current memory(MB): used = 1120, reserved = 1115, peak = 1120.
OPT-1001 : End Stage 3.2.5 | Swap Pins; Time: 2.568332s wall, 2.484375s user + 0.031250s system = 2.515625s CPU (97.9%); Memory(MB): used = 1120, reserved = 1115, peak = 1120;

OPT-1001 : Stage 3.2.6 | Optimize Beeline
OPT-1001 : Start beeline optimization...
OPT-1001 : Start: SWNS 3088 STNS 0 NUM_FEPS 0
PHY-1001 : Beeline DP, 931 out of 3949 (23.58)%; hop = 1250.
PHY-1001 : Beeline DP, 333 out of 3128 (10.65)%; hop = 469.
PHY-1001 : Beeline DP, 156 out of 2937 (5.31)%; hop = 210.
PHY-1001 : Beeline DP, 125 out of 2895 (4.32)%; hop = 172.
PHY-1001 : Beeline DP, 99 out of 2881 (3.44)%; hop = 131.
PHY-1001 : Beeline optimization intraPLB, 2505 1-hop(42.05%), 2378 2-hop(39.92%), 444 3-hop( 7.45%), 630 others (10.58%)
PHY-1001 :  8.349895s wall, 8.062500s user + 0.078125s system = 8.140625s CPU (97.5%)

RUN-1001 : Beeline optimization outerPLB: 1-hop 2047, 2-hop 3758, 3-hop 2085, 4-hop 715, other 1833 
OPT-1001 : End beeline optimization;  8.873214s wall, 8.546875s user + 0.093750s system = 8.640625s CPU (97.4%)

OPT-1001 : Update timing in Manhattan mode
OPT-1001 : End timing update;  1.083212s wall, 1.046875s user + 0.015625s system = 1.062500s CPU (98.1%)

OPT-1001 : End Stage 3.2.6 | Optimize Beeline; Time: 10.152952s wall, 9.796875s user + 0.109375s system = 9.906250s CPU (97.6%); Memory(MB): used = 1121, reserved = 1115, peak = 1121;

OPT-0007 : End flow postpack: SWNS 3011 STNS 0 NUM_FEPS 0
RUN-1001 : Generating global routing grids ...
PHY-1001 : Generate routing nets ...
PHY-1001 : Reuse net number 11967/14183.
PHY-1001 : Global iterations in 16 thread ...
PHY-1002 : len = 1.48619e+06, over cnt = 530(0%), over = 808, worst = 6
PHY-1002 : len = 1.49411e+06, over cnt = 298(0%), over = 396, worst = 5
PHY-1002 : len = 1.50528e+06, over cnt = 86(0%), over = 107, worst = 4
PHY-1002 : len = 1.50653e+06, over cnt = 33(0%), over = 42, worst = 3
PHY-1002 : len = 1.50749e+06, over cnt = 0(0%), over = 0, worst = 0
PHY-1001 : End global iterations;  0.439878s wall, 0.531250s user + 0.046875s system = 0.578125s CPU (131.4%)

PHY-1001 : Congestion index:
PHY-1001 : top1  = 72.72(S 61.15, N 50.44, E 62.25, W 69.38, I 59.54, O 74.34)
PHY-1001 : top5  = 60.52(S 48.90, N 39.67, E 47.85, W 54.66, I 50.30, O 58.98)
PHY-1001 : top10 = 54.25(S 42.25, N 34.67, E 40.99, W 47.26, I 45.23, O 51.77)
PHY-1001 : top15 = 50.38(S 37.91, N 31.33, E 37.03, W 42.54, I 41.75, O 46.63)
RUN-1001 : QoR Analysis:
OPT-0007 :   SWNS 3011 STNS 0 NUM_FEPS 0
RUN-1001 :   No local congestion issue, and most congested 1% tile average routing util is 72.157895
RUN-1001 :   Top critical paths
RUN-1001 :       #1 path slack 3011ps with logic level 6 
RUN-1001 :       #2 path slack 3055ps with logic level 5 
RUN-1001 :       #3 path slack 3073ps with logic level 5 
RUN-1001 :       #4 path slack 3075ps with logic level 5 
RUN-1001 :       #5 path slack 3088ps with logic level 1 
RUN-1001 :       #6 path slack 3094ps with logic level 5 
RUN-1001 :       #7 path slack 3094ps with logic level 5 
RUN-1001 :       #8 path slack 3098ps with logic level 5 
RUN-1001 :       #9 path slack 3099ps with logic level 5 
OPT-1001 : End physical optimization;  27.515724s wall, 27.078125s user + 0.328125s system = 27.406250s CPU (99.6%)

PHY-1001 : End Stage 3.2 | Optimize Design; Time: 27.515862s wall, 27.078125s user + 0.328125s system = 27.406250s CPU (99.6%); Memory(MB): used = 1121, reserved = 1115, peak = 1121;

RUN-1001 : Report Control nets information:
RUN-1001 : DFF Distribution
RUN-1001 : -------------------------------------
RUN-1001 :   CE   |  SSR  |  ASR  |  DFF Count  
RUN-1001 : -------------------------------------
RUN-1001 :   No   |  No   |  No   |     64      
RUN-1001 :   No   |  No   |  Yes  |      0      
RUN-1001 :   No   |  Yes  |  No   |      0      
RUN-1001 :   Yes  |  No   |  No   |    2634     
RUN-1001 :   Yes  |  No   |  Yes  |    7662     
RUN-1001 :   Yes  |  Yes  |  No   |     811     
RUN-1001 : -------------------------------------
RUN-1001 : Control Group Statistic
RUN-1001 : -----------------------------
RUN-1001 :   #CLK  |  #CE  |  #SSR/ASR  
RUN-1001 : -----------------------------
RUN-1001 :    11   |  708  |     61     
RUN-1001 : -----------------------------
RUN-0007 : Control Set = 819
PHY-1001 : End Stage 3 | Detailed Placement; Time: 42.939591s wall, 43.453125s user + 0.500000s system = 43.953125s CPU (102.4%); Memory(MB): used = 1121, reserved = 1115, peak = 1121;

PHY-1001 : Populate physical database on model mctop.
PHY-1001 : Stage 4 | Optimize Design
PHY-3001 : Start incremental legalization ...
PHY-1001 : Populate physical database on model mctop.
PHY-1001 : Processing 2 clock pins of DDR instance u_fb/u_ddr/u_ddr2/ph1p_ddrmc_wrapper/u_ddr_phy/u_ddrphy_top/u_ddrphy/ac_byte[0]$ac_byte_used$u_ddrphy_ac_byte_wrapper/u_ddrphy_byte, location = x0y70z0.
PHY-1001 :   Placed ioclk instance u_fb/u_ddr/u_ddr2/ph1p_ddrmc_wrapper/u_ddr_phy/u_ddrphy_top/u_ddrphy_clk/ioclk[0]$u_ioclk_1, location = x0y59z1.
PHY-1001 :   Placed ioclk instance u_fb/u_ddr/u_ddr2/ph1p_ddrmc_wrapper/u_ddr_phy/u_ddrphy_top/u_ddrphy_clk/ioclk[0]$u_ioclk_0, location = x0y59z0.
PHY-1001 : Processing 2 clock pins of DDR instance u_fb/u_ddr/u_ddr2/ph1p_ddrmc_wrapper/u_ddr_phy/u_ddrphy_top/u_ddrphy/ac_byte[1]$ac_byte_used$u_ddrphy_ac_byte_wrapper/u_ddrphy_byte, location = x0y60z0.
PHY-1001 :   Placed ioclk instance u_fb/u_ddr/u_ddr2/ph1p_ddrmc_wrapper/u_ddr_phy/u_ddrphy_top/u_ddrphy_clk/ioclk[0]$u_ioclk_1, location = x0y59z1.
PHY-1001 :   Placed ioclk instance u_fb/u_ddr/u_ddr2/ph1p_ddrmc_wrapper/u_ddr_phy/u_ddrphy_top/u_ddrphy_clk/ioclk[0]$u_ioclk_0, location = x0y59z0.
PHY-1001 : Processing 2 clock pins of DDR instance u_fb/u_ddr/u_ddr2/ph1p_ddrmc_wrapper/u_ddr_phy/u_ddrphy_top/u_ddrphy/ac_byte[2]$ac_byte_used$u_ddrphy_ac_byte_wrapper/u_ddrphy_byte, location = x0y50z0.
PHY-1001 :   Placed ioclk instance u_fb/u_ddr/u_ddr2/ph1p_ddrmc_wrapper/u_ddr_phy/u_ddrphy_top/u_ddrphy_clk/ioclk[0]$u_ioclk_1, location = x0y59z1.
PHY-1001 :   Placed ioclk instance u_fb/u_ddr/u_ddr2/ph1p_ddrmc_wrapper/u_ddr_phy/u_ddrphy_top/u_ddrphy_clk/ioclk[0]$u_ioclk_0, location = x0y59z0.
PHY-1001 : Processing 2 clock pins of DDR instance u_fb/u_ddr/u_ddr2/ph1p_ddrmc_wrapper/u_ddr_phy/u_ddrphy_top/u_ddrphy/ac_byte[3]$ac_byte_used$u_ddrphy_ac_byte_wrapper/u_ddrphy_byte, location = x0y40z0.
PHY-1001 :   Placed ioclk instance u_fb/u_ddr/u_ddr2/ph1p_ddrmc_wrapper/u_ddr_phy/u_ddrphy_top/u_ddrphy_clk/ioclk[0]$u_ioclk_1, location = x0y59z1.
PHY-1001 :   Placed ioclk instance u_fb/u_ddr/u_ddr2/ph1p_ddrmc_wrapper/u_ddr_phy/u_ddrphy_top/u_ddrphy_clk/ioclk[0]$u_ioclk_0, location = x0y59z0.
PHY-1001 : Processing 2 clock pins of DDR instance u_fb/u_ddr/u_ddr2/ph1p_ddrmc_wrapper/u_ddr_phy/u_ddrphy_top/u_ddrphy/dx_byte[0]$dx_byte_used$u_ddrphy_dx_byte_wrapper/u_ddrphy_byte, location = x0y30z0.
PHY-1001 :   Placed ioclk instance u_fb/u_ddr/u_ddr2/ph1p_ddrmc_wrapper/u_ddr_phy/u_ddrphy_top/u_ddrphy_clk/ioclk[1]$u_ioclk_1, location = x0y19z1.
PHY-1001 :   Placed ioclk instance u_fb/u_ddr/u_ddr2/ph1p_ddrmc_wrapper/u_ddr_phy/u_ddrphy_top/u_ddrphy_clk/ioclk[1]$u_ioclk_0, location = x0y19z0.
PHY-1001 : Processing 2 clock pins of DDR instance u_fb/u_ddr/u_ddr2/ph1p_ddrmc_wrapper/u_ddr_phy/u_ddrphy_top/u_ddrphy/dx_byte[1]$dx_byte_used$u_ddrphy_dx_byte_wrapper/u_ddrphy_byte, location = x0y10z0.
PHY-1001 :   Placed ioclk instance u_fb/u_ddr/u_ddr2/ph1p_ddrmc_wrapper/u_ddr_phy/u_ddrphy_top/u_ddrphy_clk/ioclk[1]$u_ioclk_1, location = x0y19z1.
PHY-1001 :   Placed ioclk instance u_fb/u_ddr/u_ddr2/ph1p_ddrmc_wrapper/u_ddr_phy/u_ddrphy_top/u_ddrphy_clk/ioclk[1]$u_ioclk_0, location = x0y19z0.
PHY-3001 : Target density is 60%
PHY-3001 : Target density is 60%
PHY-3001 : Initial: Len = 1.24039e+06, Over = 0
PHY-1001 : Stage 4.1 | Spreading
PHY-3001 : Design contains 304 ce signals.
PHY-3001 : Spreading for sector grids.
PHY-3001 : Iter 1, total overflow: 0
PHY-3001 : tot_capacity: 48, usage_cnt: 24, movable_cnt: 48
PHY-3001 : Spreading for clock grids.
PHY-3001 : clock grid count for 24 x 4 grids
PHY-3001 : Spreading for plb grids.
PHY-3001 : total displace: 0, max displace: 0.
PHY-3001 : End spreading;  0.163842s wall, 0.125000s user + 0.031250s system = 0.156250s CPU (95.4%)

PHY-1001 : End Stage 4.1 | Spreading; Time: 0.163903s wall, 0.125000s user + 0.031250s system = 0.156250s CPU (95.3%); Memory(MB): used = 1121, reserved = 1115, peak = 1121;

PHY-3001 : Final: Len = 1.24039e+06, Over = 0
PHY-3001 : End incremental legalization;  0.334808s wall, 0.390625s user + 0.031250s system = 0.421875s CPU (126.0%)

RUN-1002 : start command "report_qor -step place -file place.qor"
RUN-1002 : start command "start_timer"
RUN-1003 : finish command "start_timer" in  1.343943s wall, 1.312500s user + 0.031250s system = 1.343750s CPU (100.0%)

RUN-1004 : used memory is 1121 MB, reserved memory is 1115 MB, peak memory is 1121 MB
RUN-1001 : Generating global routing grids ...
-----------------------------------------------------------
| QoR metrics               |         value               |
-----------------------------------------------------------
| Timing                    |                             |
|     Setup WNS             |         3011                |
|     Setup TNS             |            0                |
|     Num of violated S-EP  |            0                |
|     FMAX                  |   221.337MHz                |
|     SWNS path clock period |       7529ps                |
|     Hold WNS              |         -290                |
|     Hold TNS              |       -71899                |
|     Num of violated H-EP  |          566                |
-----------------------------------------------------------
| Routing Resource          |                             |
|     Wire length           |      1236597                |
|     Route Net Num         |        18995                |
|     DontRoute Net Num     |         7023                |
|     RouteSinks Num        |        66204                |
-----------------------------------------------------------
| Utilization               |                             |
|     #slices               |        11122                |
|     slices percentage     |       52.42%                |
|     #RAMs                 |           41                |
|     #DSPs                 |            8                |
|     #DRAMHARDCON          |           41                |
-----------------------------------------------------------
| Congestion                |                             |
|     Top 1% tile util      |           65                |
|     Top 1% tile avg util  |       72.16%                |
|     Over 100% util #tile  |            0                |
-----------------------------------------------------------
Report place stage QoR done.

RUN-1003 : finish command "report_qor -step place -file place.qor" in  2.898232s wall, 2.968750s user + 0.031250s system = 3.000000s CPU (103.5%)

RUN-1004 : used memory is 1121 MB, reserved memory is 1115 MB, peak memory is 1121 MB
PHY-1001 : End Stage 4 | Optimize Design; Time: 3.244796s wall, 3.375000s user + 0.062500s system = 3.437500s CPU (105.9%); Memory(MB): used = 1121, reserved = 1115, peak = 1121;

PHY-1001 : Stage 5 | DRC Check
PHY-1001 : Stage 5.1 | Slice Attributes Check
PHY-1035 : Redundant attributes/nets in slice detected. You can use tcl "check_slice_attr -verbose" to get full message.
PHY-1039 : Found 32 mslices getting no used reg attributes, eg: u_disp/u_mixer/S_de_2_syn_12.
PHY-1039 : Found 32 mslices getting no used ce attributes, eg: u_disp/u_mixer/S_de_2_syn_12.
PHY-1001 : End Stage 5.1 | Slice Attributes Check; Time: 0.031850s wall, 0.031250s user + 0.000000s system = 0.031250s CPU (98.1%); Memory(MB): used = 1121, reserved = 1115, peak = 1121;

PHY-1001 : Stage 5.2 | Clock Bound Check
PHY-1001 : Check pass.
PHY-1001 : End Stage 5.2 | Clock Bound Check; Time: 0.001429s wall, 0.015625s user + 0.000000s system = 0.015625s CPU (1093.7%); Memory(MB): used = 1121, reserved = 1115, peak = 1121;

PHY-1001 : Stage 5.3 | Force Route Constraint Check
PHY-1001 : Check Pass.
PHY-1001 : End Stage 5.3 | Force Route Constraint Check; Time: 0.001575s wall, 0.000000s user + 0.000000s system = 0.000000s CPU (n/a%); Memory(MB): used = 1121, reserved = 1115, peak = 1121;

PHY-1001 : Stage 5.4 | Sigmap Check
PHY-1001 : Check pass.
PHY-1001 : End Stage 5.4 | Sigmap Check; Time: 0.051006s wall, 0.046875s user + 0.000000s system = 0.046875s CPU (91.9%); Memory(MB): used = 1121, reserved = 1115, peak = 1121;

PHY-1001 : Stage 5.5 | Duplicated SelfDriven Check
PHY-1001 : Check pass.
PHY-1001 : End Stage 5.5 | Duplicated SelfDriven Check; Time: 0.349331s wall, 0.343750s user + 0.000000s system = 0.343750s CPU (98.4%); Memory(MB): used = 1121, reserved = 1115, peak = 1121;

PHY-1001 : Stage 5.6 | Clock Rule Check
PHY-5088 WARNING: Clock_Analyzer: Detected 1 buffer(s) clkin net because they drive non-clock sinks. Run "analyze_clock -detail" for more infomation.
PHY-5088 WARNING: Clock_Analyzer: Detected 1 buffer(s) clkout net because they drive non-clock sinks. Run "analyze_clock -detail" for more infomation.
PHY-5088 WARNING: Clock_Analyzer: 3 clock-net(s) because they drive other clock net, may cause clock skew. Run "analyze_clock -detail" for more infomation.
PHY-1001 : End Stage 5.6 | Clock Rule Check; Time: 0.053084s wall, 0.062500s user + 0.000000s system = 0.062500s CPU (117.7%); Memory(MB): used = 1121, reserved = 1115, peak = 1121;

PHY-1001 : End Stage 5 | DRC Check; Time: 0.532145s wall, 0.531250s user + 0.000000s system = 0.531250s CPU (99.8%); Memory(MB): used = 1121, reserved = 1115, peak = 1121;

OPT-1001 : QoR tracer report on placement steps:
    SWNS [   incr ]    STNS [   incr ]    FEPS [   incr ]    CRIT [   incr ]      CELL [     incr ]        WL [     incr ]    CONG [   incr ]    PDES [   incr ]   RT(s) [   incr ]   MEM(mb) [     incr ]
       0 [      0 ]       0 [      0 ]       0 [      0 ]       0 [      0 ]     23332 [        0 ]         0 [        0 ]    0.00 [   0.00 ]       0 [      0 ]       0 [      0 ]       520 [        0 ] : preplace:simplify_lut
       0 [      0 ]       0 [      0 ]       0 [      0 ]       0 [      0 ]     23332 [        0 ]         0 [        0 ]    0.00 [   0.00 ]       0 [      0 ]       0 [      0 ]       520 [        0 ] : preplace:sweep
       0 [      0 ]       0 [      0 ]       0 [      0 ]       0 [      0 ]     23332 [        0 ]         0 [        0 ]    0.00 [   0.00 ]       0 [      0 ]       0 [      0 ]       520 [        0 ] : preplace:lut_merge
       0 [      0 ]       0 [      0 ]       0 [      0 ]       0 [      0 ]     23332 [        0 ]         0 [        0 ]    0.00 [   0.00 ]       0 [      0 ]       0 [      0 ]       521 [        1 ] : preplace:hfn_opt
    1966 [   1966 ]       0 [      0 ]       0 [      0 ]    3694 [   3694 ]     25118 [     1786 ]   1065682 [  1065682 ]    0.00 [   0.00 ]       0 [      0 ]       9 [      9 ]       896 [      375 ] : step1_gp
    2063 [     97 ]       0 [      0 ]       0 [      0 ]    3743 [     49 ]     25118 [        0 ]   1065836 [      154 ]    0.00 [   0.00 ]       0 [      0 ]      10 [      1 ]       901 [        5 ] : step1_legal
    1984 [    -79 ]       0 [      0 ]       0 [      0 ]    3742 [     -1 ]     25118 [        0 ]   1003773 [   -62063 ]    0.00 [   0.00 ]       0 [      0 ]      12 [      2 ]       904 [        3 ] : step1_dp
    2118 [    134 ]       0 [      0 ]       0 [      0 ]    3464 [   -278 ]     25118 [        0 ]   1139094 [   135321 ]  160.50 [ 160.50 ]       0 [      0 ]      18 [      6 ]       983 [       79 ] : step2_gp
    2118 [      0 ]       0 [      0 ]       0 [      0 ]    3464 [      0 ]     25118 [        0 ]   1138042 [    -1052 ]  160.50 [   0.00 ]       0 [      0 ]      19 [      1 ]       986 [        3 ] : step2_dp
    2118 [      0 ]       0 [      0 ]       0 [      0 ]    3464 [      0 ]     25118 [        0 ]   1138042 [        0 ]  160.50 [   0.00 ]       0 [      0 ]      20 [      1 ]       986 [        0 ] : prepack_spreading
    2180 [     62 ]       0 [      0 ]       0 [      0 ]    3500 [     36 ]     25293 [      175 ]   1077246 [   -60796 ]  151.63 [  -8.87 ]       0 [      0 ]      26 [      6 ]       997 [       11 ] : prepack:hfn_opt
    2486 [    306 ]       0 [      0 ]       0 [      0 ]    3528 [     28 ]     25293 [        0 ]   1090266 [    13020 ]   88.29 [ -63.34 ]       0 [      0 ]      29 [      3 ]       997 [        0 ] : prepack:global_opt
    1411 [  -1075 ]       0 [      0 ]       0 [      0 ]    3352 [   -176 ]     13085 [   -12208 ]   1334320 [   244054 ]   87.32 [  -0.97 ]       0 [      0 ]      71 [     42 ]      1115 [      118 ] : direct_legalization
    1411 [      0 ]       0 [      0 ]       0 [      0 ]    3352 [      0 ]     13085 [        0 ]   1334320 [        0 ]   87.32 [   0.00 ]       0 [      0 ]      71 [      0 ]      1115 [        0 ] : post_pack_spreading
    2038 [    627 ]       0 [      0 ]       0 [      0 ]    3450 [     98 ]     13085 [        0 ]   1163977 [  -170343 ]   73.55 [ -13.76 ]       0 [      0 ]      86 [     15 ]      1120 [        5 ] : post_pack_dp
    2064 [     26 ]       0 [      0 ]       0 [      0 ]    3454 [      4 ]     13056 [      -29 ]   1156933 [    -7044 ]   73.55 [   0.00 ]       0 [      0 ]      91 [      5 ]      1120 [        0 ] : postpack:optimize_equivalent_quick
    2064 [      0 ]       0 [      0 ]       0 [      0 ]    3450 [     -4 ]     13069 [       13 ]   1158681 [     1748 ]   73.55 [   0.00 ]       0 [      0 ]      91 [      0 ]      1120 [        0 ] : postpack:hfn_opt
    2732 [    668 ]       0 [      0 ]       0 [      0 ]    3613 [    163 ]     13112 [       43 ]   1172280 [    13599 ]   71.68 [  -1.87 ]       0 [      0 ]      95 [      4 ]      1120 [        0 ] : postpack:path_opt
    2732 [      0 ]       0 [      0 ]       0 [      0 ]    3627 [     14 ]     13108 [       -4 ]   1171774 [     -506 ]   71.68 [   0.00 ]       0 [      0 ]     100 [      5 ]      1120 [        0 ] : postpack:optimize_equivalent
    3088 [    356 ]       0 [      0 ]       0 [      0 ]    3897 [    270 ]     13108 [        0 ]   1171774 [        0 ]   71.68 [   0.00 ]       0 [      0 ]     102 [      2 ]      1120 [        0 ] : postpack:pin_opt
    3011 [    -77 ]       0 [      0 ]       0 [      0 ]    3854 [    -43 ]     13108 [        0 ]   1216505 [    44731 ]   71.68 [   0.00 ]       0 [      0 ]     113 [     11 ]      1121 [        1 ] : postpack:beeline_opt

RUN-1003 : finish command "place" in  117.892856s wall, 487.250000s user + 8.406250s system = 495.656250s CPU (420.4%)

RUN-1004 : used memory is 1121 MB, reserved memory is 1115 MB, peak memory is 1121 MB
RUN-1002 : start command "update_timing -mode manhattan"
RUN-1002 : start command "start_timer"
RUN-1003 : finish command "start_timer" in  1.352745s wall, 1.312500s user + 0.015625s system = 1.328125s CPU (98.2%)

RUN-1004 : used memory is 1121 MB, reserved memory is 1115 MB, peak memory is 1121 MB
RUN-1003 : finish command "update_timing -mode manhattan" in  2.370728s wall, 2.265625s user + 0.031250s system = 2.296875s CPU (96.9%)

RUN-1004 : used memory is 1121 MB, reserved memory is 1115 MB, peak memory is 1121 MB
RUN-1002 : start command "report_timing_status -file MinecraftDog_FPGA_place.ts"
RUN-1002 : start command "report_timing_summary -file MinecraftDog_FPGA_place.timing"
RUN-1002 : start command "report_area -io_info -file MinecraftDog_FPGA_phy.area"
SYN-4034 : The count of slices with lut is 7639.
SYN-4035 : The count of slices with lut+ripple is 1878.
RUN-1001 : standard
***Report Model: mctop Device: PH1P35MDG324***

Design Statistics
#IO                        71   out of    160   44.38%
  #input                    6
  #output                  41
  #inout                   24
#lut6                    9877   out of  21216   46.55%
#reg                    11107
  #slice reg            11107   out of  42432   26.18%
  #pad reg                  0

Utilization Statistics
#slice                  11122   out of  21216   52.42%
  #used ram               360
    #dram lut             328
    #shifter lut           32
  #used logic           10762
    #with luts           7639
    #with adder          1878
    #reg only            1245
#f7mux                      1   out of  10608    0.01%
#f8mux                      0   out of   5304    0.00%
#eram                      41   out of    108   37.96%
  #eram20k                 41
  #fifo20k                  0
#dsp                        8   out of     40   20.00%
#ddr_byte                   6   out of     12   50.00%
#mipi_tx                    1   out of      2   50.00%
#mipi_rx                    1   out of      2   50.00%
#pad                       26   out of    160   16.25%
#pll                        3   out of      6   50.00%
#gclk                      10   out of     32   31.25%
#lclk                       0   out of     12    0.00%
#sclk                       0   out of     48    0.00%
#mlclk                      2   out of      6   33.33%
#ioclk                      4   out of     18   22.22%

RUN-1002 : start command "flow_status -file place_flow.status"
Location         : E:\FPGA\MinecraftDog\mcproject_code\MinecraftDog_FPGA_Runs\phy_1
Running with     : Tang Dynasty v6.2.175876
                   Copyright (c) 2012-2025 Anlogic Inc.
Top Model        : mctop
Device           : PH1P35MDG324
Speed            : 3

Timing Mode      : manhattan
Setup            : WNS  3011ps  TNS        0ps  NUM_FEPS     0
Hold             : WNS  -290ps  TNS   -71899ps  NUM_FEPS   566

Flow Statistics  :
RUN-1001 : Flow Statistics:
RUN-1001 : ---------------------------------------------------------------------------------------------------
RUN-1001 :      command     |  #calls  |  wall time   |  cpu time(s)  |  used memory(mb)  |  peak memory(mb)  
RUN-1001 : ---------------------------------------------------------------------------------------------------
RUN-1001 :       place      |    1     |  1m57s(98%)  |   495(99%)    |       1121        |       1121        
RUN-1001 :   import_device  |    1     |    2s(1%)    |     1(0%)     |        332        |        332        
RUN-1001 :     import_db    |    1     |    0s(0%)    |     0(0%)     |        519        |        519        
RUN-1001 : ---------------------------------------------------------------------------------------------------
RUN-1001 :       total      |    3     |    1m59s     |      496      |       1121        |       1121        
RUN-1001 : ---------------------------------------------------------------------------------------------------
RUN-1002 : start command "report_clock_utilization -file place_clock_utilization.txt"
RUN-1002 : start command "export_db MinecraftDog_FPGA_place.db"
RUN-1001 : Exported flow parameters
RUN-1001 : Exported /
RUN-1001 : Exported libs
RUN-1001 : Exported entities
RUN-1001 : Exported ports
RUN-1001 : Exported pins
RUN-1001 : Exported instances
RUN-1001 : Exported nets
RUN-1001 : Exported buses
RUN-1001 : Exported models
RUN-1001 : Exported phy database
RUN-1001 : Exported packer
RUN-1001 : Exported congestions
RUN-1001 : Exported violations
RUN-1001 : Exported ATMR Setting
RUN-1001 : Exported timing constraints
RUN-1001 : Exported IO constraints
RUN-1001 : Exported Inst constraints
RUN-1001 : Exported ChipWatcher
RUN-1002 : start command "commit_param -step route"
RUN-1001 : Print Global Property
RUN-1001 : -------------------------------------------------------------
RUN-1001 :     Parameters    |   Settings   |  Default Values  |  Note  
RUN-1001 : -------------------------------------------------------------
RUN-1001 :    enable_seed    |     off      |       off        |        
RUN-1001 :    hfn_to_clock   |  1000000000  |    1000000000    |        
RUN-1001 :      message      |   standard   |     standard     |        
RUN-1001 :    qor_monitor    |      on      |        on        |        
RUN-1001 :   speedup_effort  |      0       |        0         |        
RUN-1001 :    syn_ip_flow    |     off      |       off        |        
RUN-1001 :       thread      |     auto     |       auto       |        
RUN-1001 : -------------------------------------------------------------
RUN-1001 : Print Route Property
RUN-1001 : ---------------------------------------------------------------
RUN-1001 :       Parameters      |  Settings  |  Default Values  |  Note  
RUN-1001 : ---------------------------------------------------------------
RUN-1001 :         effort        |   normal   |      normal      |        
RUN-1001 :        fix_hold       |     on     |        on        |        
RUN-1001 :   hold_fix_iteration  |     5      |        5         |        
RUN-1001 :     post_route_opt    |    auto    |       auto       |        
RUN-1001 :         timing        |     on     |        on        |        
RUN-1001 : ---------------------------------------------------------------
RUN-1002 : start command "route"
RUN-1001 : Open license file D:/TD_6.2.1_Release_6.2.175.876/license/Anlogic.lic
PHY-1001 : Reconnected 31 VDD pins with routing demanding
PHY-1001 : Populate physical database on model mctop.
RUN-1001 : Dedicate pll clock connection statistics:
RUN-1001 : Clock Region s_1_l [0,40][23,79]; Utilization: 1 out of 12
RUN-1001 : ------------------------------------------------------------------------------------------------------------------------------------------------------------------------
RUN-1001 :   Index  |                      Leading Clock                      |                                            Special Sink                                            
RUN-1001 : ------------------------------------------------------------------------------------------------------------------------------------------------------------------------
RUN-1001 :     1    |  u_fb/u_ddr/u_ddr2/ph1p_ddrmc_wrapper/u_alc_mc_top/clk  |  u_fb/u_ddr/u_ddr2/ph1p_ddrmc_wrapper/u_ddr_phy/u_ddrphy_top/u_ddrphy_clk/u_pll1/u_pll_inst.fbclk  
RUN-1001 : ------------------------------------------------------------------------------------------------------------------------------------------------------------------------
RUN-1001 : Clock Region s_1_r [24,40][43,79]; Utilization: 1 out of 12
RUN-1001 : -----------------------------------------------------------------------------------------------------
RUN-1001 :   Index  |  Leading Clock  |                              Special Sink                               
RUN-1001 : -----------------------------------------------------------------------------------------------------
RUN-1001 :     1    |   S_clk_100m    |  u_sys_pll/ph1p_phy_pll_wrapper_9424f6f87a2a_Inst/u_PH1P_PHY_PLL.fbclk  
RUN-1001 : -----------------------------------------------------------------------------------------------------
PHY-1001 : Working orders of clock nets being processed in bank assignment:
PHY-1001 : u_fb/u_ddr/u_ddr2/ph1p_ddrmc_wrapper/u_alc_mc_top/clk;
PHY-1001 : S_clk_100m;
PHY-1001 : u_cam/u_isp/u_demosaic/raw_matrix_3x3_buffer_d/zhenghe_d/blk_mem_gen_zhenghe_d1/ram_d32970204f32_Inst/clkb;
PHY-1001 : u_disp/u_dsi_video_mode_packet/I_clk;
PHY-1001 : u_disp/u_display_config/u_instruction_execution/I_clk_syn_2;
PHY-1001 : I_sys_clk_syn_7;
PHY-1001 : O_cam_24m_syn_3;
PHY-1001 : u_fb/u_ddr/u_ddr2/ph1p_ddrmc_wrapper/u_ddr_phy/u_ddrphy_top/u_ddrphy/apb_pclk_syn_1;
PHY-1001 : u_cam/u_cfg/uii2c_inst/scl_clk_syn_9;
PHY-1001 : u_disp/u_mipi_tx/u_ph1p_mipiio_tx_wrapper/I_mipiio_pll_ref_clk_syn_1;
PHY-1001 : Internal bound Intnl_0_0_25_40 is being created by clock u_fb/u_ddr/u_ddr2/usr_clk through SCLK.
PHY-1001 : Internal bound Intnl_25_0_23_40 is being created by clock pll_clk_100m through SCLK.
PHY-1001 : Internal bound Intnl_0_40_25_40 is being created by clock u_fb/u_ddr/u_ddr2/usr_clk through SCLK.
PHY-1001 : Internal bound Intnl_25_40_19_40 is being created by clock pll_clk_100m through SCLK.
RUN-1001 : Clock region assignment statistics:
RUN-1001 : Clock Region s_0_l [0,0][23,39]; Utilization: 9 out of 12
RUN-1001 : -----------------------------------------------------------------------------------------------------------------------------------------------------------------------------------------------------------------------------------------------------------------------------------------------------
RUN-1001 :   Bank  |                                                Leading Clock                                                 |       Type        |                                                            Buffer                                                            |  Regional Clock Fanouts  
RUN-1001 : -----------------------------------------------------------------------------------------------------------------------------------------------------------------------------------------------------------------------------------------------------------------------------------------------------
RUN-1001 :    1    |                            u_fb/u_ddr/u_ddr2/ph1p_ddrmc_wrapper/u_alc_mc_top/clk                             |  (infered sclk)   |   u_fb/u_ddr/u_ddr2/ph1p_ddrmc_wrapper/u_ddr_phy/u_ddrphy_top/u_ddrphy_clk/u_pll1/u_bufg_fbclk_auto_created_sclk_s_0_l_bk1   |           990            
RUN-1001 :    2    |                                                  S_clk_100m                                                  |  (infered sclk)   |                                     u_sys_pll/bufg_feedback_auto_created_sclk_s_0_l_bk2                                      |           352            
RUN-1001 :    3    |                                     u_disp/u_dsi_video_mode_packet/I_clk                                     |  (infered sclk)   |                   u_disp/u_mipi_tx/u_ph1p_mipiio_tx_wrapper/U_PH1P_LOGIC_BUFG_auto_created_sclk_s_0_l_bk3                    |           265            
RUN-1001 :    4    |  u_cam/u_isp/u_demosaic/raw_matrix_3x3_buffer_d/zhenghe_d/blk_mem_gen_zhenghe_d1/ram_d32970204f32_Inst/clkb  |  (infered sclk)   |                      u_cam/u_mipi_rx/u_ph1p_mipiio_rx_wrapper/bufg_feedback_auto_created_sclk_s_0_l_bk4                      |           228            
RUN-1001 :    5    |                                               O_cam_24m_syn_3                                                |  (infered sclk)   |                                 O_cam_24m_dup_1_created_gclkinst_auto_created_sclk_s_0_l_bk5                                 |           114            
RUN-1001 :    6    |                                               I_sys_clk_syn_7                                                |  (infered sclk)   |                                 I_sys_clk_dup_5_created_gclkinst_auto_created_sclk_s_0_l_bk6                                 |            91            
RUN-1001 :    7    |                         u_disp/u_display_config/u_instruction_execution/I_clk_syn_2                          |  (infered sclk)   |              u_disp/u_display_config/u_instruction_execution/I_clk_created_gclkinst_auto_created_sclk_s_0_l_bk7              |            91            
RUN-1001 :    8    |                                     u_cam/u_cfg/uii2c_inst/scl_clk_syn_9                                     |  (infered sclk)   |                         u_cam/u_cfg/uii2c_inst/scl_clk_created_gclkinst_auto_created_sclk_s_0_l_bk8                          |            16            
RUN-1001 :    9    |             u_fb/u_ddr/u_ddr2/ph1p_ddrmc_wrapper/u_ddr_phy/u_ddrphy_top/u_ddrphy/apb_pclk_syn_1              |  (infered sclk)   |  u_fb/u_ddr/u_ddr2/ph1p_ddrmc_wrapper/u_ddr_phy/u_ddrphy_top/u_ddrphy/apb_pclk_created_gclkinst_auto_created_sclk_s_0_l_bk9  |            3             
RUN-1001 : -----------------------------------------------------------------------------------------------------------------------------------------------------------------------------------------------------------------------------------------------------------------------------------------------------
RUN-1001 : Clock Region s_0_r [24,0][47,39]; Utilization: 5 out of 12
RUN-1001 : --------------------------------------------------------------------------------------------------------------------------------------------------------------------------------------------------------------------------------------------------------------------------------------
RUN-1001 :   Bank  |                                                Leading Clock                                                 |       Type        |                                                    Buffer                                                     |  Regional Clock Fanouts  
RUN-1001 : --------------------------------------------------------------------------------------------------------------------------------------------------------------------------------------------------------------------------------------------------------------------------------------
RUN-1001 :    1    |                                                  S_clk_100m                                                  |  (infered sclk)   |                              u_sys_pll/bufg_feedback_auto_created_sclk_s_0_r_bk1                              |           968            
RUN-1001 :    2    |  u_cam/u_isp/u_demosaic/raw_matrix_3x3_buffer_d/zhenghe_d/blk_mem_gen_zhenghe_d1/ram_d32970204f32_Inst/clkb  |  (infered sclk)   |              u_cam/u_mipi_rx/u_ph1p_mipiio_rx_wrapper/bufg_feedback_auto_created_sclk_s_0_r_bk2               |           813            
RUN-1001 :    3    |                                     u_disp/u_dsi_video_mode_packet/I_clk                                     |  (infered sclk)   |            u_disp/u_mipi_tx/u_ph1p_mipiio_tx_wrapper/U_PH1P_LOGIC_BUFG_auto_created_sclk_s_0_r_bk3            |           284            
RUN-1001 :    4    |                     u_disp/u_mipi_tx/u_ph1p_mipiio_tx_wrapper/I_mipiio_pll_ref_clk_syn_1                     |  (infered sclk)   |  u_disp/u_mipi_tx/u_ph1p_mipiio_tx_wrapper/I_mipiio_pll_ref_clk_created_gclkinst_auto_created_sclk_s_0_r_bk4  |            2             
RUN-1001 :    5    |                         u_disp/u_display_config/u_instruction_execution/I_clk_syn_2                          |  (infered sclk)   |      u_disp/u_display_config/u_instruction_execution/I_clk_created_gclkinst_auto_created_sclk_s_0_r_bk5       |            1             
RUN-1001 : --------------------------------------------------------------------------------------------------------------------------------------------------------------------------------------------------------------------------------------------------------------------------------------
RUN-1001 : Clock Region s_1_l [0,40][23,79]; Utilization: 8 out of 12
RUN-1001 : -----------------------------------------------------------------------------------------------------------------------------------------------------------------------------------------------------------------------------------------------------------------------------------------------------
RUN-1001 :   Bank  |                                                Leading Clock                                                 |       Type        |                                                            Buffer                                                            |  Regional Clock Fanouts  
RUN-1001 : -----------------------------------------------------------------------------------------------------------------------------------------------------------------------------------------------------------------------------------------------------------------------------------------------------
RUN-1001 :    1    |                            u_fb/u_ddr/u_ddr2/ph1p_ddrmc_wrapper/u_alc_mc_top/clk                             |  (infered sclk)   |   u_fb/u_ddr/u_ddr2/ph1p_ddrmc_wrapper/u_ddr_phy/u_ddrphy_top/u_ddrphy_clk/u_pll1/u_bufg_fbclk_auto_created_sclk_s_1_l_bk1   |           1256           
RUN-1001 :    2    |                         u_disp/u_display_config/u_instruction_execution/I_clk_syn_2                          |  (infered sclk)   |              u_disp/u_display_config/u_instruction_execution/I_clk_created_gclkinst_auto_created_sclk_s_1_l_bk2              |           231            
RUN-1001 :    3    |  u_cam/u_isp/u_demosaic/raw_matrix_3x3_buffer_d/zhenghe_d/blk_mem_gen_zhenghe_d1/ram_d32970204f32_Inst/clkb  |  (infered sclk)   |                      u_cam/u_mipi_rx/u_ph1p_mipiio_rx_wrapper/bufg_feedback_auto_created_sclk_s_1_l_bk3                      |            61            
RUN-1001 :    4    |                                                  S_clk_100m                                                  |  (infered sclk)   |                                     u_sys_pll/bufg_feedback_auto_created_sclk_s_1_l_bk4                                      |            53            
RUN-1001 :    5    |                                               I_sys_clk_syn_7                                                |  (infered sclk)   |                                 I_sys_clk_dup_5_created_gclkinst_auto_created_sclk_s_1_l_bk5                                 |            42            
RUN-1001 :    6    |             u_fb/u_ddr/u_ddr2/ph1p_ddrmc_wrapper/u_ddr_phy/u_ddrphy_top/u_ddrphy/apb_pclk_syn_1              |  (infered sclk)   |  u_fb/u_ddr/u_ddr2/ph1p_ddrmc_wrapper/u_ddr_phy/u_ddrphy_top/u_ddrphy/apb_pclk_created_gclkinst_auto_created_sclk_s_1_l_bk6  |            26            
RUN-1001 :    7    |                                               O_cam_24m_syn_3                                                |  (infered sclk)   |                                 O_cam_24m_dup_1_created_gclkinst_auto_created_sclk_s_1_l_bk7                                 |            10            
RUN-1001 :    8    |                                     u_disp/u_dsi_video_mode_packet/I_clk                                     |  (infered sclk)   |                   u_disp/u_mipi_tx/u_ph1p_mipiio_tx_wrapper/U_PH1P_LOGIC_BUFG_auto_created_sclk_s_1_l_bk8                    |            2             
RUN-1001 : -----------------------------------------------------------------------------------------------------------------------------------------------------------------------------------------------------------------------------------------------------------------------------------------------------
RUN-1001 : Clock Region s_1_r [24,40][43,79]; Utilization: 3 out of 12
RUN-1001 : -----------------------------------------------------------------------------------------------------------------------------------------------------------------------------------------------------------------------------------------------------------------------------
RUN-1001 :   Bank  |                                                Leading Clock                                                 |       Type        |                                                Buffer                                                |  Regional Clock Fanouts  
RUN-1001 : -----------------------------------------------------------------------------------------------------------------------------------------------------------------------------------------------------------------------------------------------------------------------------
RUN-1001 :    1    |                                                  S_clk_100m                                                  |  (infered sclk)   |                         u_sys_pll/bufg_feedback_auto_created_sclk_s_1_r_bk1                          |           391            
RUN-1001 :    2    |  u_cam/u_isp/u_demosaic/raw_matrix_3x3_buffer_d/zhenghe_d/blk_mem_gen_zhenghe_d1/ram_d32970204f32_Inst/clkb  |  (infered sclk)   |          u_cam/u_mipi_rx/u_ph1p_mipiio_rx_wrapper/bufg_feedback_auto_created_sclk_s_1_r_bk2          |           773            
RUN-1001 :    3    |                         u_disp/u_display_config/u_instruction_execution/I_clk_syn_2                          |  (infered sclk)   |  u_disp/u_display_config/u_instruction_execution/I_clk_created_gclkinst_auto_created_sclk_s_1_r_bk3  |            6             
RUN-1001 : -----------------------------------------------------------------------------------------------------------------------------------------------------------------------------------------------------------------------------------------------------------------------------
PHY-1001 : Populate physical database on model mctop.
PHY-1001 : Route runs in 16 thread(s)
RUN-1001 : There are total 11628 instances
RUN-1001 : 360 mslices, 10762 lslices, 58 pads, 41 brams, 8 dsps
RUN-1001 : There are total 26337 nets
RUN-1001 : 17351 nets have 2 pins
RUN-1001 : 6071 nets have [3 - 5] pins
RUN-1001 : 1957 nets have [6 - 10] pins
RUN-1001 : 556 nets have [11 - 20] pins
RUN-1001 : 378 nets have [21 - 99] pins
RUN-1001 : 24 nets have 100+ pins
RUN-1002 : start command "start_timer"
RUN-1003 : finish command "start_timer" in  2.126076s wall, 2.078125s user + 0.031250s system = 2.109375s CPU (99.2%)

RUN-1004 : used memory is 1143 MB, reserved memory is 1243 MB, peak memory is 1143 MB
PHY-1001 : 360 mslices, 10762 lslices, 58 pads, 41 brams, 8 dsps

PHY-1001 : Stage 1 | Global Routing
PHY-1001 : Start global routing, caller is route ...
RUN-1001 : Generating global routing grids ...
PHY-1001 : Generate routing nets ...
RUN-1001 : Generate nets statistics:
RUN-1001 : ----------------------------
RUN-1001 :        Type       |  Nets   
RUN-1001 : ----------------------------
RUN-1001 :   TotalRouteNets  |  19020  
RUN-1001 :   DontRouteNets   |  4837   
RUN-1001 :     RouteNets     |  14183  
RUN-1001 :     RouteSinks    |  29200  
RUN-1001 : ----------------------------
PHY-1001 : Global iterations in 16 thread ...
PHY-1002 : len = 1.36736e+06, over cnt = 1552(2%), over = 3010, worst = 9
PHY-1002 : len = 1.40946e+06, over cnt = 959(1%), over = 1565, worst = 9
PHY-1002 : len = 1.43598e+06, over cnt = 416(0%), over = 710, worst = 7
PHY-1002 : len = 1.4543e+06, over cnt = 0(0%), over = 0, worst = 0
PHY-1001 : End global iterations;  1.082898s wall, 1.531250s user + 0.031250s system = 1.562500s CPU (144.3%)

PHY-1001 : Congestion index:
PHY-1001 : top1  = 70.93(S 61.56, N 50.69, E 59.63, W 67.93, I 66.37, O 82.07)
PHY-1001 : top5  = 60.38(S 48.78, N 39.30, E 46.72, W 55.30, I 52.00, O 60.42)
PHY-1001 : top10 = 54.30(S 41.83, N 34.18, E 40.56, W 47.67, I 46.18, O 52.44)
PHY-1001 : top15 = 50.28(S 37.42, N 30.94, E 36.58, W 42.55, I 42.44, O 47.05)
PHY-1001 : End global routing;  1.356974s wall, 1.859375s user + 0.031250s system = 1.890625s CPU (139.3%)

PHY-1001 : End Stage 1 | Global Routing; Time: 1.357022s wall, 1.859375s user + 0.031250s system = 1.890625s CPU (139.3%); Memory(MB): used = 1166, reserved = 1243, peak = 1166;

PHY-1001 : Stage 2 | Detail Routing
PHY-1001 : Stage 2.1 | Build Routing Design
PHY-1001 : Routing in high effort: false
PHY-1001 : Routing Mode: normal
PHY-1001 : Generate detailed routing grids ...
RUN-1001 : Constructing routing connections ...
PHY-1001 : End build routing graph; 3.988142s wall, 30.671875s user + 0.328125s system = 31.000000s CPU (777.3%)

PHY-1001 : Generate nets ...
RUN-1001 : Generate nets statistics:
RUN-1001 : ------------------------------
RUN-1001 :         Type        |  Nets   
RUN-1001 : ------------------------------
RUN-1001 :        Route        |  19315  
RUN-1001 :      DontRoute      |  7022   
RUN-1001 :      RouteSinks     |  68068  
RUN-1001 :   RouteEntitySinks  |    0    
RUN-1001 :       Lut2Dff       |    0    
RUN-1001 :       Ram2Dff       |    0    
RUN-1001 :      Carry2Dff      |    0    
RUN-1001 : ------------------------------
RUN-1001 : DR clock net summary:
RUN-1001 : -----------------------------------------------------------------------------------------------------------------------------------------
RUN-1001 :   Net Idx  |                                                   Net Name                                                   |  Clock Type  
RUN-1001 : -----------------------------------------------------------------------------------------------------------------------------------------
RUN-1001 :      1     |                                               I_sys_clk_dup_5                                                |    Normal    
RUN-1001 :      2     |                                               I_sys_clk_syn_7                                                |    Normal    
RUN-1001 :      3     |                                               O_cam_24m_dup_1                                                |    Normal    
RUN-1001 :      4     |                                               O_cam_24m_syn_3                                                |    Normal    
RUN-1001 :      5     |                                                  S_clk_100m                                                  |    Normal    
RUN-1001 :      6     |                                        u_cam/u_cfg/uii2c_inst/scl_clk                                        |    Normal    
RUN-1001 :      7     |                                     u_cam/u_cfg/uii2c_inst/scl_clk_syn_9                                     |    Normal    
RUN-1001 :      8     |  u_cam/u_isp/u_demosaic/raw_matrix_3x3_buffer_d/zhenghe_d/blk_mem_gen_zhenghe_d1/ram_d32970204f32_Inst/clkb  |    Normal    
RUN-1001 :      9     |                         u_cam/u_mipi_rx/u_ph1p_mipiio_rx_wrapper/S_mipiio_hs_rx_clk                          |    Normal    
RUN-1001 :     10     |                            u_disp/u_display_config/u_instruction_execution/I_clk                             |    Normal    
RUN-1001 :     11     |                         u_disp/u_display_config/u_instruction_execution/I_clk_syn_2                          |    Normal    
RUN-1001 :     12     |                                     u_disp/u_dsi_video_mode_packet/I_clk                                     |    Normal    
RUN-1001 :     13     |                        u_disp/u_mipi_tx/u_ph1p_mipiio_tx_wrapper/I_mipiio_pll_ref_clk                        |    Normal    
RUN-1001 :     14     |                     u_disp/u_mipi_tx/u_ph1p_mipiio_tx_wrapper/I_mipiio_pll_ref_clk_syn_1                     |    Normal    
RUN-1001 :     15     |                            u_disp/u_mipi_tx/u_ph1p_mipiio_tx_wrapper/S_hs_tx_clk                             |    Normal    
RUN-1001 :     16     |                            u_fb/u_ddr/u_ddr2/ph1p_ddrmc_wrapper/u_alc_mc_top/clk                             |    Normal    
RUN-1001 :     17     |                u_fb/u_ddr/u_ddr2/ph1p_ddrmc_wrapper/u_ddr_phy/u_ddrphy_top/u_ddrphy/apb_pclk                 |    Normal    
RUN-1001 :     18     |             u_fb/u_ddr/u_ddr2/ph1p_ddrmc_wrapper/u_ddr_phy/u_ddrphy_top/u_ddrphy/apb_pclk_syn_1              |    Normal    
RUN-1001 :     19     |               u_fb/u_ddr/u_ddr2/ph1p_ddrmc_wrapper/u_ddr_phy/u_ddrphy_top/u_ddrphy/ctl_clk[0]                |    Normal    
RUN-1001 :     20     |               u_fb/u_ddr/u_ddr2/ph1p_ddrmc_wrapper/u_ddr_phy/u_ddrphy_top/u_ddrphy/ctl_clk[1]                |    Normal    
RUN-1001 :     21     |               u_fb/u_ddr/u_ddr2/ph1p_ddrmc_wrapper/u_ddr_phy/u_ddrphy_top/u_ddrphy/ddr_clk[0]                |    Normal    
RUN-1001 :     22     |               u_fb/u_ddr/u_ddr2/ph1p_ddrmc_wrapper/u_ddr_phy/u_ddrphy_top/u_ddrphy/ddr_clk[1]                |    Normal    
RUN-1001 :     23     |             u_fb/u_ddr/u_ddr2/ph1p_ddrmc_wrapper/u_ddr_phy/u_ddrphy_top/u_ddrphy_clk/pll0_clk_1              |    Normal    
RUN-1001 :     24     |             u_fb/u_ddr/u_ddr2/ph1p_ddrmc_wrapper/u_ddr_phy/u_ddrphy_top/u_ddrphy_clk/pll0_clk_2              |    Normal    
RUN-1001 :     25     |            u_fb/u_ddr/u_ddr2/ph1p_ddrmc_wrapper/u_ddr_phy/u_ddrphy_top/u_ddrphy_clk/pll0_mlclk_1             |    Normal    
RUN-1001 :     26     |            u_fb/u_ddr/u_ddr2/ph1p_ddrmc_wrapper/u_ddr_phy/u_ddrphy_top/u_ddrphy_clk/pll0_mlclk_2             |    Normal    
RUN-1001 :     27     |           u_fb/u_ddr/u_ddr2/ph1p_ddrmc_wrapper/u_ddr_phy/u_ddrphy_top/u_ddrphy_clk/u_pll1/clkc[0]            |    Normal    
RUN-1001 :     28     |            u_fb/u_ddr/u_ddr2/ph1p_ddrmc_wrapper/u_ddr_phy/u_ddrphy_top/u_ddrphy_clk/u_pll1/refclk            |    Normal    
RUN-1001 :     29     |                                              u_sys_pll/clk0_buf                                              |    Normal    
RUN-1001 : -----------------------------------------------------------------------------------------------------------------------------------------
RUN-1001 : DR clock buffer summary:
RUN-1001 : --------------------------------------------------------------------------------------------------------------------------------------
RUN-1001 :   Idx  |                                                             Name                                                             
RUN-1001 : --------------------------------------------------------------------------------------------------------------------------------------
RUN-1001 :    1   |   u_fb/u_ddr/u_ddr2/ph1p_ddrmc_wrapper/u_ddr_phy/u_ddrphy_top/u_ddrphy_clk/u_pll1/u_bufg_fbclk_auto_created_sclk_s_0_l_bk1   
RUN-1001 :    2   |                                     u_sys_pll/bufg_feedback_auto_created_sclk_s_0_l_bk2                                      
RUN-1001 :    3   |                   u_disp/u_mipi_tx/u_ph1p_mipiio_tx_wrapper/U_PH1P_LOGIC_BUFG_auto_created_sclk_s_0_l_bk3                    
RUN-1001 :    4   |                      u_cam/u_mipi_rx/u_ph1p_mipiio_rx_wrapper/bufg_feedback_auto_created_sclk_s_0_l_bk4                      
RUN-1001 :    5   |                                 O_cam_24m_dup_1_created_gclkinst_auto_created_sclk_s_0_l_bk5                                 
RUN-1001 :    6   |                                 I_sys_clk_dup_5_created_gclkinst_auto_created_sclk_s_0_l_bk6                                 
RUN-1001 :    7   |              u_disp/u_display_config/u_instruction_execution/I_clk_created_gclkinst_auto_created_sclk_s_0_l_bk7              
RUN-1001 :    8   |                         u_cam/u_cfg/uii2c_inst/scl_clk_created_gclkinst_auto_created_sclk_s_0_l_bk8                          
RUN-1001 :    9   |  u_fb/u_ddr/u_ddr2/ph1p_ddrmc_wrapper/u_ddr_phy/u_ddrphy_top/u_ddrphy/apb_pclk_created_gclkinst_auto_created_sclk_s_0_l_bk9  
RUN-1001 :   10   |                                     u_sys_pll/bufg_feedback_auto_created_sclk_s_0_r_bk1                                      
RUN-1001 :   11   |                      u_cam/u_mipi_rx/u_ph1p_mipiio_rx_wrapper/bufg_feedback_auto_created_sclk_s_0_r_bk2                      
RUN-1001 :   12   |                   u_disp/u_mipi_tx/u_ph1p_mipiio_tx_wrapper/U_PH1P_LOGIC_BUFG_auto_created_sclk_s_0_r_bk3                    
RUN-1001 :   13   |         u_disp/u_mipi_tx/u_ph1p_mipiio_tx_wrapper/I_mipiio_pll_ref_clk_created_gclkinst_auto_created_sclk_s_0_r_bk4          
RUN-1001 :   14   |              u_disp/u_display_config/u_instruction_execution/I_clk_created_gclkinst_auto_created_sclk_s_0_r_bk5              
RUN-1001 :   15   |   u_fb/u_ddr/u_ddr2/ph1p_ddrmc_wrapper/u_ddr_phy/u_ddrphy_top/u_ddrphy_clk/u_pll1/u_bufg_fbclk_auto_created_sclk_s_1_l_bk1   
RUN-1001 :   16   |              u_disp/u_display_config/u_instruction_execution/I_clk_created_gclkinst_auto_created_sclk_s_1_l_bk2              
RUN-1001 :   17   |                      u_cam/u_mipi_rx/u_ph1p_mipiio_rx_wrapper/bufg_feedback_auto_created_sclk_s_1_l_bk3                      
RUN-1001 :   18   |                                     u_sys_pll/bufg_feedback_auto_created_sclk_s_1_l_bk4                                      
RUN-1001 :   19   |                                 I_sys_clk_dup_5_created_gclkinst_auto_created_sclk_s_1_l_bk5                                 
RUN-1001 :   20   |  u_fb/u_ddr/u_ddr2/ph1p_ddrmc_wrapper/u_ddr_phy/u_ddrphy_top/u_ddrphy/apb_pclk_created_gclkinst_auto_created_sclk_s_1_l_bk6  
RUN-1001 :   21   |                                 O_cam_24m_dup_1_created_gclkinst_auto_created_sclk_s_1_l_bk7                                 
RUN-1001 :   22   |                   u_disp/u_mipi_tx/u_ph1p_mipiio_tx_wrapper/U_PH1P_LOGIC_BUFG_auto_created_sclk_s_1_l_bk8                    
RUN-1001 :   23   |                                     u_sys_pll/bufg_feedback_auto_created_sclk_s_1_r_bk1                                      
RUN-1001 :   24   |                      u_cam/u_mipi_rx/u_ph1p_mipiio_rx_wrapper/bufg_feedback_auto_created_sclk_s_1_r_bk2                      
RUN-1001 :   25   |              u_disp/u_display_config/u_instruction_execution/I_clk_created_gclkinst_auto_created_sclk_s_1_r_bk3              
RUN-1001 : --------------------------------------------------------------------------------------------------------------------------------------
PHY-1001 : End Stage 2.1 | Build Routing Design; Time: 4.375518s wall, 30.953125s user + 0.375000s system = 31.328125s CPU (716.0%); Memory(MB): used = 1475, reserved = 1468, peak = 1475;

RUN-1001 : Top Percentage Crit. Net Stat.
RUN-1001 : -------------------------------------------------------
RUN-1001 :   Top %  |  Net Count  |  Avg. Fanout  |  Avg. Slack   
RUN-1001 : -------------------------------------------------------
RUN-1001 :     1    |     263     |   6.357414    |  3218.243346  
RUN-1001 :     2    |     526     |   4.769962    |  3302.203422  
RUN-1001 :     3    |     790     |   3.988608    |  3372.600000  
RUN-1001 :     4    |    1053     |   3.810066    |  3437.430199  
RUN-1001 :     5    |    1316     |   3.928571    |  3500.689210  
RUN-1001 :     6    |    1580     |   3.954430    |  3563.742405  
RUN-1001 :     7    |    1843     |   3.994574    |  3627.628323  
RUN-1001 :     8    |    2106     |   4.355176    |  3694.767331  
RUN-1001 :     9    |    2370     |   4.263291    |  3762.766667  
RUN-1001 :    10    |    2633     |   4.104823    |  3829.791872  
RUN-1001 : -------------------------------------------------------
PHY-1001 : Stage 2.2 | Tile Base Routing
PHY-1001 : 381 nets need to preroute.
PHY-1001 : len = 0, over cnt = 0(0%), over = 0, worst = 0, crit = 0
PHY-1001 : End Stage 2.2 | Tile Base Routing; Time: 0.740460s wall, 7.843750s user + 0.015625s system = 7.859375s CPU (1061.4%); Memory(MB): used = 1481, reserved = 1473, peak = 1481;

PHY-1001 : Stage 2.3 | Clock Nets Routing
PHY-1001 : Routed 0% nets.
PHY-1001 : len = 370320, over cnt = 0(0%), over = 0, worst = 0, crit = 0
PHY-1001 : End Stage 2.3 | Clock Nets Routing; Time: 1.111375s wall, 1.000000s user + 0.000000s system = 1.000000s CPU (90.0%); Memory(MB): used = 1516, reserved = 1508, peak = 1516;

PHY-1001 : Stage 2.4 | Routing Initialization
PHY-1001 : Mark 1% net(place mode slack < 3308ps) as critical nets.
PHY-1001 : Stage 2.4.1 | Normal Nets Routing
PHY-1001 : Routed 73% nets.
PHY-1001 : len = 2.4273e+06, over cnt = 8357(0%), over = 8601, worst = 3, crit = 0
PHY-1001 : End Stage 2.4.1 | Normal Nets Routing; Time: 10.037792s wall, 19.750000s user + 0.500000s system = 20.250000s CPU (201.7%); Memory(MB): used = 1578, reserved = 1570, peak = 1578;

PHY-1001 : Stage 2.4.2 | Update Timing
RUN-1002 : start command "start_timer"
USR-1002 : Derived clock:  create_generated_clock -name {u_fb/u_ddr/u_ddr2/ph1p_ddrmc_wrapper/u_ddr_phy/u_ddrphy_top/u_ddrphy_clk/u_pll0/u_pll_inst.clkc[0]} -source [get_ports {I_sys_clk}] -master_clock {sys_clk_25m} -multiply_by 5.3125 -duty_cycle 50.0000 [get_pins {u_fb/u_ddr/u_ddr2/ph1p_ddrmc_wrapper/u_ddr_phy/u_ddrphy_top/u_ddrphy_clk/u_pll0/u_pll_inst.clkc[0]}]
USR-1002 : Derived clock:  create_generated_clock -name {u_fb/u_ddr/u_ddr2/ph1p_ddrmc_wrapper/u_ddr_phy/u_ddrphy_top/u_ddrphy_clk/u_pll0/u_pll_inst.clkc[1]} -source [get_ports {I_sys_clk}] -master_clock {sys_clk_25m} -multiply_by 5.3125 -duty_cycle 50.0000 [get_pins {u_fb/u_ddr/u_ddr2/ph1p_ddrmc_wrapper/u_ddr_phy/u_ddrphy_top/u_ddrphy_clk/u_pll0/u_pll_inst.clkc[1]}]
USR-1002 : Derived clock:  create_generated_clock -name {u_fb/u_ddr/u_ddr2/ph1p_ddrmc_wrapper/u_ddr_phy/u_ddrphy_top/u_ddrphy_clk/u_pll0/u_pll_inst.clkc[2]} -source [get_ports {I_sys_clk}] -master_clock {sys_clk_25m} -multiply_by 21.2500 -duty_cycle 50.0000 [get_pins {u_fb/u_ddr/u_ddr2/ph1p_ddrmc_wrapper/u_ddr_phy/u_ddrphy_top/u_ddrphy_clk/u_pll0/u_pll_inst.clkc[2]}]
USR-1002 : Derived clock:  create_generated_clock -name {u_fb/u_ddr/u_ddr2/ph1p_ddrmc_wrapper/u_ddr_phy/u_ddrphy_top/u_ddrphy_clk/u_pll0/u_pll_inst.clkc[3]} -source [get_ports {I_sys_clk}] -master_clock {sys_clk_25m} -multiply_by 2.0238 -duty_cycle 50.0000 [get_pins {u_fb/u_ddr/u_ddr2/ph1p_ddrmc_wrapper/u_ddr_phy/u_ddrphy_top/u_ddrphy_clk/u_pll0/u_pll_inst.clkc[3]}]
USR-1002 : Derived clock:  create_generated_clock -name {u_sys_pll/ph1p_phy_pll_wrapper_9424f6f87a2a_Inst/u_PH1P_PHY_PLL.clkc[0]} -source [get_ports {I_sys_clk}] -master_clock {sys_clk_25m} -multiply_by 4.0000 -duty_cycle 50.0000 [get_pins {u_sys_pll/ph1p_phy_pll_wrapper_9424f6f87a2a_Inst/u_PH1P_PHY_PLL.clkc[0]}]
USR-1002 : Derived clock:  create_generated_clock -name {u_sys_pll/ph1p_phy_pll_wrapper_9424f6f87a2a_Inst/u_PH1P_PHY_PLL.clkc[1]} -source [get_ports {I_sys_clk}] -master_clock {sys_clk_25m} -divide_by 1.0417 -duty_cycle 50.0000 [get_pins {u_sys_pll/ph1p_phy_pll_wrapper_9424f6f87a2a_Inst/u_PH1P_PHY_PLL.clkc[1]}]
USR-1002 : Derived clock:  create_generated_clock -name {u_sys_pll/ph1p_phy_pll_wrapper_9424f6f87a2a_Inst/u_PH1P_PHY_PLL.clkc[2]} -source [get_ports {I_sys_clk}] -master_clock {sys_clk_25m} -multiply_by 2.0870 -duty_cycle 50.0000 [get_pins {u_sys_pll/ph1p_phy_pll_wrapper_9424f6f87a2a_Inst/u_PH1P_PHY_PLL.clkc[2]}]
USR-1002 : Derived clock:  create_generated_clock -name {u_sys_pll/ph1p_phy_pll_wrapper_9424f6f87a2a_Inst/u_PH1P_PHY_PLL.clkc[3]} -source [get_ports {I_sys_clk}] -master_clock {sys_clk_25m} -divide_by 2.5000 -duty_cycle 50.0000 [get_pins {u_sys_pll/ph1p_phy_pll_wrapper_9424f6f87a2a_Inst/u_PH1P_PHY_PLL.clkc[3]}]
USR-1002 : Derived clock:  create_generated_clock -name {u_fb/u_ddr/u_ddr2/ph1p_ddrmc_wrapper/u_ddr_phy/u_ddrphy_top/u_ddrphy_clk/u_pll1/u_pll_inst.clkc[0]} -source [get_pins {u_fb/u_ddr/u_ddr2/ph1p_ddrmc_wrapper/u_ddr_phy/u_ddrphy_top/u_ddrphy_clk/u_pll0/u_pll_inst.clkc[0]}] -master_clock {u_fb/u_ddr/u_ddr2/ph1p_ddrmc_wrapper/u_ddr_phy/u_ddrphy_top/u_ddrphy_clk/u_pll0/u_pll_inst.clkc[0]} -multiply_by 1.0000 -duty_cycle 50.0000 [get_pins {u_fb/u_ddr/u_ddr2/ph1p_ddrmc_wrapper/u_ddr_phy/u_ddrphy_top/u_ddrphy_clk/u_pll1/u_pll_inst.clkc[0]}]
USR-6001 WARNING: No clocks matched 'get_clocks u_cam/u_mipi_rx/u_ph1p_mipiio_rx_wrapper/u_PH1P_LOGIC_DPHY_MIPI_RX.o_fabric_div4_8_clk'
USR-6001 WARNING: No clocks matched 'get_clocks u_disp/u_mipi_tx/u_ph1p_mipiio_tx_wrapper/u_PH1P_LOGIC_DPHY_MIPI_TX.o_fabric_div4_8_clk'
USR-6001 WARNING: No clocks matched 'get_clocks MIPI_RX_BYTE_CLK'
USR-6001 WARNING: No clocks matched 'get_clocks MIPI_TX_BYTE_CLK'
USR-6001 WARNING: No clocks matched 'get_clocks u_fb/u_ddr/u_ddr2/ddr_clk'
USR-6001 WARNING: No clocks matched 'get_clocks u_fb/u_ddr/u_ddr2/usr_clk'
USR-6136 CRITICAL-WARNING: 'derive_pll_clocks' is obsolete. Please use 'derive_clocks' instead, which handles more types of clock deriving resources. 
Launching timing wizard will update this command automatically.
8.980000
7.529000
7.529000
19.166000
RUN-1003 : finish command "start_timer" in  1.442587s wall, 1.390625s user + 0.062500s system = 1.453125s CPU (100.7%)

RUN-1004 : used memory is 1579 MB, reserved memory is 1571 MB, peak memory is 1579 MB
TMR-2502 : Net delay update with mode: Routed
PHY-1001 : 0/19020(0%) critical/total net(s).
PHY-1001 : Setup: WNS(ns) = 1.618, TNS(ns) = 0.000, FEP = 0 | Hold: WNS(ns) = -0.226, TNS(ns) = -10.798, FEP = 240.
PHY-1001 : End Stage 2.4.2 | Update Timing; Time: 4.362540s wall, 4.203125s user + 0.078125s system = 4.281250s CPU (98.1%); Memory(MB): used = 1687, reserved = 1679, peak = 1687;

PHY-1001 : Stage 2.4.3 | Deskew Clock Tree
RUN-1001 : Deskew Summary
RUN-1001 : --------------------------------------------------------------------------------------------------------------
RUN-1001 :                                        Clock                                       |  Pre-Skew  |  Post-Skew  
RUN-1001 : --------------------------------------------------------------------------------------------------------------
RUN-1001 :                                   mipi_rx_ck_pad                                   |     32     |     32      
RUN-1001 :   u_cam/u_mipi_rx/u_ph1p_mipiio_rx_wrapper/u_PH1P_LOGIC_DPHY_MIPI_RX.io_clk_pad_p  |     32     |     32      
RUN-1001 :                              u_fb/u_ddr/u_ddr2/usr_clk                             |     12     |     12      
RUN-1001 :                                  MIPI_RX_BYTE_CLK                                  |     32     |     32      
RUN-1001 :                                    pll_clk_100m                                    |     16     |     16      
RUN-1001 :                                  MIPI_TX_BYTE_CLK                                  |     35     |     35      
RUN-1001 :                              u_fb/u_ddr/u_ddr2/mcu_clk                             |     12     |     12      
RUN-1001 :                                     sys_clk_25m                                    |     9      |      9      
RUN-1001 :                                     pll_clk_24m                                    |     14     |     14      
RUN-1001 :                                     pll_clk_10m                                    |     15     |     15      
RUN-1001 : --------------------------------------------------------------------------------------------------------------
PHY-1001 : 0/19020(0%) critical/total net(s).
PHY-1001 : Setup: WNS(ns) = 1.618, TNS(ns) = 0.000, FEP = 0 | Hold: WNS(ns) = -0.226, TNS(ns) = -10.798, FEP = 240.
PHY-1001 : End Stage 2.4.3 | Deskew Clock Tree; Time: 2.927395s wall, 2.796875s user + 0.046875s system = 2.843750s CPU (97.1%); Memory(MB): used = 1718, reserved = 1709, peak = 1718;

PHY-1001 : End Stage 2.4 | Routing Initialization; Time: 17.446978s wall, 26.796875s user + 0.640625s system = 27.437500s CPU (157.3%); Memory(MB): used = 1718, reserved = 1709, peak = 1718;

PHY-1001 : Stage 2.5 | Routing Optimization
PHY-1001 : Build lut bridge;  0.145785s wall, 0.109375s user + 0.015625s system = 0.125000s CPU (85.7%)

PHY-1001 : Stage 2.5.1 | Phase 1
PHY-1001 : Stage 2.5.1.1 | Hold TimeOptimization
PHY-1001 : Iter 0; Processed 313 pins with HWNS -0.226ns HTNS -7.904ns FEP 162 took 0.778676 seconds.
PHY-1001 : Iter 1; Processed 493 pins with HWNS -0.005ns HTNS -0.005ns FEP 1 took 1.53595 seconds.
PHY-1001 : len = 2.46118e+06, over cnt = 8297(0%), over = 8539, worst = 3, crit = 0
PHY-1001 : End Stage 2.5.1.1 | Hold TimeOptimization; Time: 2.386195s wall, 2.328125s user + 0.031250s system = 2.359375s CPU (98.9%); Memory(MB): used = 1722, reserved = 1714, peak = 1722;

PHY-1001 : Stage 2.5.1.2 | High Fanout Nets Optimization
PHY-1001 : High fanout net optimize summary:
PHY-1001 : Process 0 nets and 0 pins with SWNS 1.618ns STNS 0.000ns FEP 0.
PHY-1001 : len = 2.46118e+06, over cnt = 8297(0%), over = 8539, worst = 3, crit = 0
PHY-1001 : End Stage 2.5.1.2 | High Fanout Nets Optimization; Time: 0.186838s wall, 0.187500s user + 0.000000s system = 0.187500s CPU (100.4%); Memory(MB): used = 1722, reserved = 1714, peak = 1722;

PHY-1001 : Stage 2.5.1.3 | Setup TimeOptimization
PHY-1001 : len = 2.46118e+06, over cnt = 8297(0%), over = 8539, worst = 3, crit = 0
PHY-1001 : End Stage 2.5.1.3 | Setup TimeOptimization; Time: 0.186377s wall, 0.187500s user + 0.000000s system = 0.187500s CPU (100.6%); Memory(MB): used = 1722, reserved = 1714, peak = 1722;

PHY-1001 : Stage 2.5.1.4 | Rip-up And ReRoute
PHY-0007 : Congestion: {78.80, 67.54, 61.72, 57.92}; Timing: {1.618ns, 0.000ns, 0}
PHY-1001 : Iter 1: len = 2.4921e+06, over cnt = 4243(0%), over = 4290, worst = 3, crit = 0, time(s) = 2.33
PHY-1001 : Iter 2: len = 2.5032e+06, over cnt = 2856(0%), over = 2867, worst = 3, crit = 0, time(s) = 0.90
PHY-1001 : Iter 3: len = 2.50587e+06, over cnt = 2246(0%), over = 2254, worst = 2, crit = 0, time(s) = 0.73
PHY-1001 : Iter 4: len = 2.53254e+06, over cnt = 929(0%), over = 929, worst = 1, crit = 0, time(s) = 0.77
PHY-1001 : Iter 5: len = 2.5393e+06, over cnt = 619(0%), over = 619, worst = 1, crit = 0, time(s) = 0.45
PHY-1001 : Iter 6: len = 2.54189e+06, over cnt = 516(0%), over = 516, worst = 1, crit = 0, time(s) = 0.34
PHY-1001 : Iter 7: len = 2.54197e+06, over cnt = 492(0%), over = 492, worst = 1, crit = 0, time(s) = 0.18
PHY-1001 : Marking 12 (0.31%) hot zones with cutoff utilization 81.25.
PHY-1001 : Iter 8: len = 2.5608e+06, over cnt = 125(0%), over = 125, worst = 1, crit = 0, time(s) = 0.27
PHY-1001 : Iter 9: len = 2.56602e+06, over cnt = 32(0%), over = 32, worst = 1, crit = 0, time(s) = 0.11
PHY-1001 : Iter 10: len = 2.56771e+06, over cnt = 11(0%), over = 11, worst = 1, crit = 0, time(s) = 0.06
PHY-1001 : Iter 11: len = 2.56813e+06, over cnt = 5(0%), over = 5, worst = 1, crit = 0, time(s) = 0.06
PHY-1001 : Iter 12: len = 2.56824e+06, over cnt = 0(0%), over = 0, worst = 0, crit = 0, time(s) = 0.05
PHY-1001 : Marking 12 (0.31%) hot zones with cutoff utilization 81.25.
PHY-1001 : Commit 17179 pin swap with 0 error; 2.876872s wall, 2.843750s user + 0.015625s system = 2.859375s CPU (99.4%)

PHY-1001 : Update congestion ...
PHY-1001 : Marking 12 (0.31%) hot zones with cutoff utilization 81.25.
PHY-1001 : Congestion index:
PHY-1001 : top1  = 81.81(S 66.57, N 55.86, E 68.76, W 79.88, I 66.37, O 82.07)
PHY-1001 : top5  = 70.18(S 56.84, N 48.42, E 57.54, W 67.41, I 52.00, O 60.42)
PHY-1001 : top10 = 64.72(S 51.22, N 44.16, E 51.19, W 60.23, I 46.18, O 52.44)
PHY-1001 : top15 = 61.09(S 47.43, N 41.16, E 46.76, W 55.16, I 42.44, O 47.05)
PHY-1001 : End update congestion; 0.020253s wall, 0.015625s user + 0.000000s system = 0.015625s CPU (77.1%)

PHY-1001 : End Stage 2.5.1.4 | Rip-up And ReRoute; Time: 9.330277s wall, 16.921875s user + 0.234375s system = 17.156250s CPU (183.9%); Memory(MB): used = 1724, reserved = 1717, peak = 1724;

PHY-1001 : Stage 2.5.1.5 | Update Timing
RUN-1002 : start command "start_timer"
RUN-1003 : finish command "start_timer" in  1.364465s wall, 1.296875s user + 0.031250s system = 1.328125s CPU (97.3%)

RUN-1004 : used memory is 1725 MB, reserved memory is 1717 MB, peak memory is 1725 MB
PHY-1001 : 0/19020(0%) critical/total net(s).
PHY-1001 : Setup: WNS(ns) = 1.105, TNS(ns) = 0.000, FEP = 0 | Hold: WNS(ns) = -0.226, TNS(ns) = -0.383, FEP = 8.
PHY-1001 : End Stage 2.5.1.5 | Update Timing; Time: 4.150826s wall, 3.937500s user + 0.140625s system = 4.078125s CPU (98.2%); Memory(MB): used = 1725, reserved = 1717, peak = 1725;

PHY-1001 : Stage 2.5.1.6 | Commit Data
PHY-1001 : Commit better result to database ...
PHY-1001 : End Stage 2.5.1.6 | Commit Data; Time: 0.138663s wall, 0.093750s user + 0.015625s system = 0.109375s CPU (78.9%); Memory(MB): used = 1735, reserved = 1727, peak = 1735;

PHY-1001 : End Stage 2.5.1 | Phase 1; Time: 16.893490s wall, 24.046875s user + 0.437500s system = 24.484375s CPU (144.9%); Memory(MB): used = 1735, reserved = 1727, peak = 1735;

PHY-1001 : End Stage 2.5 | Routing Optimization; Time: 19.925433s wall, 27.093750s user + 0.484375s system = 27.578125s CPU (138.4%); Memory(MB): used = 1735, reserved = 1727, peak = 1735;

PHY-1001 : Stage 2.6 | Multi-try route Optimization
PHY-1001 : End Stage 2.6 | Multi-try route Optimization; Time: 0.052747s wall, 0.031250s user + 0.015625s system = 0.046875s CPU (88.9%); Memory(MB): used = 1735, reserved = 1727, peak = 1735;

PHY-1003 : Routed, final wirelength = 2.56824e+06
RUN-1001 : Clock region assignment statistics:
RUN-1001 : Clock Region s_0_l [0,0][23,39]; Utilization: 9 out of 12
RUN-1001 : ------------------------------------------------------------------------------------------------------------------------------------------------------------------------------------------------------------------------------------------------------------------------------------------------------------------------------------------------------------------------------------------------------------
RUN-1001 :   Bank  |                                                Assigned Clock                                                |                                                 Route Clock                                                  |  Marking  |                                                            Buffer                                                            |  Regional Clock Fanouts  
RUN-1001 : ------------------------------------------------------------------------------------------------------------------------------------------------------------------------------------------------------------------------------------------------------------------------------------------------------------------------------------------------------------------------------------------------------------
RUN-1001 :    1    |                            u_fb/u_ddr/u_ddr2/ph1p_ddrmc_wrapper/u_alc_mc_top/clk                             |                            u_fb/u_ddr/u_ddr2/ph1p_ddrmc_wrapper/u_alc_mc_top/clk                             |           |   u_fb/u_ddr/u_ddr2/ph1p_ddrmc_wrapper/u_ddr_phy/u_ddrphy_top/u_ddrphy_clk/u_pll1/u_bufg_fbclk_auto_created_sclk_s_0_l_bk1   |           990            
RUN-1001 :    2    |                                                  S_clk_100m                                                  |                                                  S_clk_100m                                                  |           |                                     u_sys_pll/bufg_feedback_auto_created_sclk_s_0_l_bk2                                      |           352            
RUN-1001 :    3    |                                     u_disp/u_dsi_video_mode_packet/I_clk                                     |                                     u_disp/u_dsi_video_mode_packet/I_clk                                     |           |                   u_disp/u_mipi_tx/u_ph1p_mipiio_tx_wrapper/U_PH1P_LOGIC_BUFG_auto_created_sclk_s_0_l_bk3                    |           265            
RUN-1001 :    4    |  u_cam/u_isp/u_demosaic/raw_matrix_3x3_buffer_d/zhenghe_d/blk_mem_gen_zhenghe_d1/ram_d32970204f32_Inst/clkb  |  u_cam/u_isp/u_demosaic/raw_matrix_3x3_buffer_d/zhenghe_d/blk_mem_gen_zhenghe_d1/ram_d32970204f32_Inst/clkb  |           |                      u_cam/u_mipi_rx/u_ph1p_mipiio_rx_wrapper/bufg_feedback_auto_created_sclk_s_0_l_bk4                      |           228            
RUN-1001 :    5    |                                               O_cam_24m_syn_3                                                |                                               O_cam_24m_syn_3                                                |           |                                 O_cam_24m_dup_1_created_gclkinst_auto_created_sclk_s_0_l_bk5                                 |           114            
RUN-1001 :    6    |                                               I_sys_clk_syn_7                                                |                                               I_sys_clk_syn_7                                                |           |                                 I_sys_clk_dup_5_created_gclkinst_auto_created_sclk_s_0_l_bk6                                 |            91            
RUN-1001 :    7    |                         u_disp/u_display_config/u_instruction_execution/I_clk_syn_2                          |                         u_disp/u_display_config/u_instruction_execution/I_clk_syn_2                          |           |              u_disp/u_display_config/u_instruction_execution/I_clk_created_gclkinst_auto_created_sclk_s_0_l_bk7              |            91            
RUN-1001 :    8    |                                     u_cam/u_cfg/uii2c_inst/scl_clk_syn_9                                     |                                     u_cam/u_cfg/uii2c_inst/scl_clk_syn_9                                     |           |                         u_cam/u_cfg/uii2c_inst/scl_clk_created_gclkinst_auto_created_sclk_s_0_l_bk8                          |            16            
RUN-1001 :    9    |             u_fb/u_ddr/u_ddr2/ph1p_ddrmc_wrapper/u_ddr_phy/u_ddrphy_top/u_ddrphy/apb_pclk_syn_1              |             u_fb/u_ddr/u_ddr2/ph1p_ddrmc_wrapper/u_ddr_phy/u_ddrphy_top/u_ddrphy/apb_pclk_syn_1              |           |  u_fb/u_ddr/u_ddr2/ph1p_ddrmc_wrapper/u_ddr_phy/u_ddrphy_top/u_ddrphy/apb_pclk_created_gclkinst_auto_created_sclk_s_0_l_bk9  |            3             
RUN-1001 : ------------------------------------------------------------------------------------------------------------------------------------------------------------------------------------------------------------------------------------------------------------------------------------------------------------------------------------------------------------------------------------------------------------
RUN-1001 : Clock Region s_0_r [24,0][47,39]; Utilization: 5 out of 12
RUN-1001 : ---------------------------------------------------------------------------------------------------------------------------------------------------------------------------------------------------------------------------------------------------------------------------------------------------------------------------------------------------------------------------------------------
RUN-1001 :   Bank  |                                                Assigned Clock                                                |                                                 Route Clock                                                  |  Marking  |                                                    Buffer                                                     |  Regional Clock Fanouts  
RUN-1001 : ---------------------------------------------------------------------------------------------------------------------------------------------------------------------------------------------------------------------------------------------------------------------------------------------------------------------------------------------------------------------------------------------
RUN-1001 :    1    |                                                  S_clk_100m                                                  |                                                  S_clk_100m                                                  |           |                              u_sys_pll/bufg_feedback_auto_created_sclk_s_0_r_bk1                              |           968            
RUN-1001 :    2    |  u_cam/u_isp/u_demosaic/raw_matrix_3x3_buffer_d/zhenghe_d/blk_mem_gen_zhenghe_d1/ram_d32970204f32_Inst/clkb  |  u_cam/u_isp/u_demosaic/raw_matrix_3x3_buffer_d/zhenghe_d/blk_mem_gen_zhenghe_d1/ram_d32970204f32_Inst/clkb  |           |              u_cam/u_mipi_rx/u_ph1p_mipiio_rx_wrapper/bufg_feedback_auto_created_sclk_s_0_r_bk2               |           813            
RUN-1001 :    3    |                                     u_disp/u_dsi_video_mode_packet/I_clk                                     |                                     u_disp/u_dsi_video_mode_packet/I_clk                                     |           |            u_disp/u_mipi_tx/u_ph1p_mipiio_tx_wrapper/U_PH1P_LOGIC_BUFG_auto_created_sclk_s_0_r_bk3            |           284            
RUN-1001 :    4    |                     u_disp/u_mipi_tx/u_ph1p_mipiio_tx_wrapper/I_mipiio_pll_ref_clk_syn_1                     |                     u_disp/u_mipi_tx/u_ph1p_mipiio_tx_wrapper/I_mipiio_pll_ref_clk_syn_1                     |           |  u_disp/u_mipi_tx/u_ph1p_mipiio_tx_wrapper/I_mipiio_pll_ref_clk_created_gclkinst_auto_created_sclk_s_0_r_bk4  |            2             
RUN-1001 :    5    |                         u_disp/u_display_config/u_instruction_execution/I_clk_syn_2                          |                         u_disp/u_display_config/u_instruction_execution/I_clk_syn_2                          |           |      u_disp/u_display_config/u_instruction_execution/I_clk_created_gclkinst_auto_created_sclk_s_0_r_bk5       |            1             
RUN-1001 : ---------------------------------------------------------------------------------------------------------------------------------------------------------------------------------------------------------------------------------------------------------------------------------------------------------------------------------------------------------------------------------------------
RUN-1001 : Clock Region s_1_l [0,40][23,79]; Utilization: 8 out of 12
RUN-1001 : ------------------------------------------------------------------------------------------------------------------------------------------------------------------------------------------------------------------------------------------------------------------------------------------------------------------------------------------------------------------------------------------------------------
RUN-1001 :   Bank  |                                                Assigned Clock                                                |                                                 Route Clock                                                  |  Marking  |                                                            Buffer                                                            |  Regional Clock Fanouts  
RUN-1001 : ------------------------------------------------------------------------------------------------------------------------------------------------------------------------------------------------------------------------------------------------------------------------------------------------------------------------------------------------------------------------------------------------------------
RUN-1001 :    1    |                            u_fb/u_ddr/u_ddr2/ph1p_ddrmc_wrapper/u_alc_mc_top/clk                             |                            u_fb/u_ddr/u_ddr2/ph1p_ddrmc_wrapper/u_alc_mc_top/clk                             |           |   u_fb/u_ddr/u_ddr2/ph1p_ddrmc_wrapper/u_ddr_phy/u_ddrphy_top/u_ddrphy_clk/u_pll1/u_bufg_fbclk_auto_created_sclk_s_1_l_bk1   |           1256           
RUN-1001 :    2    |                         u_disp/u_display_config/u_instruction_execution/I_clk_syn_2                          |                         u_disp/u_display_config/u_instruction_execution/I_clk_syn_2                          |           |              u_disp/u_display_config/u_instruction_execution/I_clk_created_gclkinst_auto_created_sclk_s_1_l_bk2              |           231            
RUN-1001 :    3    |  u_cam/u_isp/u_demosaic/raw_matrix_3x3_buffer_d/zhenghe_d/blk_mem_gen_zhenghe_d1/ram_d32970204f32_Inst/clkb  |  u_cam/u_isp/u_demosaic/raw_matrix_3x3_buffer_d/zhenghe_d/blk_mem_gen_zhenghe_d1/ram_d32970204f32_Inst/clkb  |           |                      u_cam/u_mipi_rx/u_ph1p_mipiio_rx_wrapper/bufg_feedback_auto_created_sclk_s_1_l_bk3                      |            61            
RUN-1001 :    4    |                                                  S_clk_100m                                                  |                                                  S_clk_100m                                                  |           |                                     u_sys_pll/bufg_feedback_auto_created_sclk_s_1_l_bk4                                      |            53            
RUN-1001 :    5    |                                               I_sys_clk_syn_7                                                |                                               I_sys_clk_syn_7                                                |           |                                 I_sys_clk_dup_5_created_gclkinst_auto_created_sclk_s_1_l_bk5                                 |            42            
RUN-1001 :    6    |             u_fb/u_ddr/u_ddr2/ph1p_ddrmc_wrapper/u_ddr_phy/u_ddrphy_top/u_ddrphy/apb_pclk_syn_1              |             u_fb/u_ddr/u_ddr2/ph1p_ddrmc_wrapper/u_ddr_phy/u_ddrphy_top/u_ddrphy/apb_pclk_syn_1              |           |  u_fb/u_ddr/u_ddr2/ph1p_ddrmc_wrapper/u_ddr_phy/u_ddrphy_top/u_ddrphy/apb_pclk_created_gclkinst_auto_created_sclk_s_1_l_bk6  |            26            
RUN-1001 :    7    |                                               O_cam_24m_syn_3                                                |                                               O_cam_24m_syn_3                                                |           |                                 O_cam_24m_dup_1_created_gclkinst_auto_created_sclk_s_1_l_bk7                                 |            10            
RUN-1001 :    8    |                                     u_disp/u_dsi_video_mode_packet/I_clk                                     |                                     u_disp/u_dsi_video_mode_packet/I_clk                                     |           |                   u_disp/u_mipi_tx/u_ph1p_mipiio_tx_wrapper/U_PH1P_LOGIC_BUFG_auto_created_sclk_s_1_l_bk8                    |            2             
RUN-1001 : ------------------------------------------------------------------------------------------------------------------------------------------------------------------------------------------------------------------------------------------------------------------------------------------------------------------------------------------------------------------------------------------------------------
RUN-1001 : Clock Region s_1_r [24,40][43,79]; Utilization: 3 out of 12
RUN-1001 : ------------------------------------------------------------------------------------------------------------------------------------------------------------------------------------------------------------------------------------------------------------------------------------------------------------------------------------------------------------------------------------
RUN-1001 :   Bank  |                                                Assigned Clock                                                |                                                 Route Clock                                                  |  Marking  |                                                Buffer                                                |  Regional Clock Fanouts  
RUN-1001 : ------------------------------------------------------------------------------------------------------------------------------------------------------------------------------------------------------------------------------------------------------------------------------------------------------------------------------------------------------------------------------------
RUN-1001 :    1    |                                                  S_clk_100m                                                  |                                                  S_clk_100m                                                  |           |                         u_sys_pll/bufg_feedback_auto_created_sclk_s_1_r_bk1                          |           391            
RUN-1001 :    2    |  u_cam/u_isp/u_demosaic/raw_matrix_3x3_buffer_d/zhenghe_d/blk_mem_gen_zhenghe_d1/ram_d32970204f32_Inst/clkb  |  u_cam/u_isp/u_demosaic/raw_matrix_3x3_buffer_d/zhenghe_d/blk_mem_gen_zhenghe_d1/ram_d32970204f32_Inst/clkb  |           |          u_cam/u_mipi_rx/u_ph1p_mipiio_rx_wrapper/bufg_feedback_auto_created_sclk_s_1_r_bk2          |           773            
RUN-1001 :    3    |                         u_disp/u_display_config/u_instruction_execution/I_clk_syn_2                          |                         u_disp/u_display_config/u_instruction_execution/I_clk_syn_2                          |           |  u_disp/u_display_config/u_instruction_execution/I_clk_created_gclkinst_auto_created_sclk_s_1_r_bk3  |            6             
RUN-1001 : ------------------------------------------------------------------------------------------------------------------------------------------------------------------------------------------------------------------------------------------------------------------------------------------------------------------------------------------------------------------------------------
RUN-1002 : start command "export_db MinecraftDog_FPGA_pr.db"
RUN-1001 : Exported flow parameters
RUN-1001 : Exported /
RUN-1001 : Exported libs
RUN-1001 : Exported entities
RUN-1001 : Exported ports
RUN-1001 : Exported pins
RUN-1001 : Exported instances
RUN-1001 : Exported nets
RUN-1001 : Exported buses
RUN-1001 : Exported models
RUN-1001 : Exported phy database
RUN-1001 : Exported packer
RUN-1001 : Exported congestions
RUN-1001 : Exported violations
RUN-1001 : Exported ATMR Setting
RUN-1001 : Exported timing constraints
RUN-1001 : Exported IO constraints
RUN-1001 : Exported Inst constraints
RUN-1001 : Exported ChipWatcher
PHY-1001 : Current memory(MB): used = 1804, reserved = 1910, peak = 1804.
PHY-1001 : End export database. 0.927089s wall, 1.125000s user + 0.031250s system = 1.156250s CPU (124.7%)

PHY-1001 : End detail routing;  46.015319s wall, 96.140625s user + 1.609375s system = 97.750000s CPU (212.4%)

PHY-1001 : End Stage 2 | Detail Routing; Time: 46.057282s wall, 96.140625s user + 1.609375s system = 97.750000s CPU (212.2%); Memory(MB): used = 1804, reserved = 1910, peak = 1804;

RUN-1002 : start command "fix_hold"

PHY-1001 : Stage 3 | Hold Fix
PHY-1001 : Stage 3.1 | Load Design Data
PHY-1034 : Refresh detailed routing grids ...
PHY-1001 : Generate nets ...
PHY-1001 : eco open net = 0
PHY-1001 : End Stage 3.1 | Load Design Data; Time: 0.282364s wall, 0.281250s user + 0.000000s system = 0.281250s CPU (99.6%); Memory(MB): used = 1804, reserved = 1910, peak = 1804;

PHY-1001 : Stage 3.2 | Hold Fix Optimization
RUN-1002 : start command "start_timer"
RUN-1003 : finish command "start_timer" in  1.348949s wall, 1.281250s user + 0.031250s system = 1.312500s CPU (97.3%)

RUN-1004 : used memory is 1804 MB, reserved memory is 1910 MB, peak memory is 1804 MB
PHY-1001 : Timing info: SWNS 1.105ns | STNS 0.000ns | HWNS -0.226ns | HTNS -0.383ns.
PHY-1001 : Processing hold violation on 18 end-point, worst slack = -226ps, best slack = 19ps.
PHY-1001 : End timing refresh.  3.995381s wall, 3.859375s user + 0.046875s system = 3.906250s CPU (97.8%)

PHY-1001 : Stage 3.2.1 | Phase 1
PHY-1001 : Stage 3.2.1.1 | Hold Fix By LutBridge
PHY-1001 : len = 2.57014e+06, over cnt = 0(0%), over = 0, worst = 0, crit = 0
PHY-1001 : Bridge count = 1; unresolved count = 0.
PHY-1001 : 1 out of 18 ((5.56)%) EP fixed by LB.
PHY-1001 : End Stage 3.2.1.1 | Hold Fix By LutBridge; Time: 0.575147s wall, 0.578125s user + 0.000000s system = 0.578125s CPU (100.5%); Memory(MB): used = 1804, reserved = 1910, peak = 1804;

PHY-1001 : Timing info: SWNS 1.105ns | STNS 0.000ns | HWNS -0.054ns | HTNS -0.054ns.
PHY-1001 : Processing hold violation on 1 end-point, worst slack = -54ps, best slack = -54ps.
PHY-1001 : End timing refresh.  0.078535s wall, 0.078125s user + 0.000000s system = 0.078125s CPU (99.5%)

PHY-1001 : Stage 3.2.1.2 | Hold Fix By Pin
PHY-1001 : len = 2.57014e+06, over cnt = 0(0%), over = 0, worst = 0, crit = 0
PHY-1001 : 1 out of 1 ((100.00)%) EP fixed by pin delay.
PHY-1001 : End Stage 3.2.1.2 | Hold Fix By Pin; Time: 0.082790s wall, 0.250000s user + 0.031250s system = 0.281250s CPU (339.7%); Memory(MB): used = 1804, reserved = 1910, peak = 1804;

PHY-1001 : Timing info: SWNS 1.105ns | STNS 0.000ns | HWNS 0.020ns | HTNS 0.000ns.
PHY-1001 : End timing refresh.  0.092682s wall, 0.093750s user + 0.000000s system = 0.093750s CPU (101.2%)

PHY-1001 : End Stage 3.2.1 | Phase 1; Time: 0.856205s wall, 1.015625s user + 0.031250s system = 1.046875s CPU (122.3%); Memory(MB): used = 1804, reserved = 1910, peak = 1804;

PHY-1001 : End Stage 3.2 | Hold Fix Optimization; Time: 4.852740s wall, 4.875000s user + 0.078125s system = 4.953125s CPU (102.1%); Memory(MB): used = 1804, reserved = 1910, peak = 1804;

PHY-1001 : End Stage 3 | Hold Fix; Time: 5.255770s wall, 5.265625s user + 0.078125s system = 5.343750s CPU (101.7%); Memory(MB): used = 1804, reserved = 1910, peak = 1804;

RUN-1003 : finish command "fix_hold" in  5.274253s wall, 5.281250s user + 0.078125s system = 5.359375s CPU (101.6%)

RUN-1004 : used memory is 1804 MB, reserved memory is 1910 MB, peak memory is 1804 MB
PHY-1001 : Stage 4 | Report Route Qor
RUN-1002 : start command "report_qor -step route -file route.qor"
RUN-1002 : start command "start_timer"
RUN-1003 : finish command "start_timer" in  1.366351s wall, 1.328125s user + 0.031250s system = 1.359375s CPU (99.5%)

RUN-1004 : used memory is 1804 MB, reserved memory is 1910 MB, peak memory is 1804 MB
-----------------------------------------------------------
| QoR metrics               |         value               |
-----------------------------------------------------------
| Timing                    |                             |
|     Setup WNS             |         1105                |
|     Setup TNS             |            0                |
|     Num of violated S-EP  |            0                |
|     Hold WNS              |           20                |
|     Hold TNS              |            0                |
|     Num of violated H-EP  |            0                |
-----------------------------------------------------------
| Routing Resource          |                             |
|     Wire length           |      2570144                |
-----------------------------------------------------------
| Utilization               |                             |
|     #slices               |        11122                |
|     slices percentage     |       52.42%                |
|     #RAMs                 |           41                |
|     #DSPs                 |            8                |
|     #DRAMHARDCON          |           41                |
-----------------------------------------------------------
Report route stage QoR done.

RUN-1003 : finish command "report_qor -step route -file route.qor" in  3.993816s wall, 3.906250s user + 0.062500s system = 3.968750s CPU (99.4%)

RUN-1004 : used memory is 1804 MB, reserved memory is 1910 MB, peak memory is 1804 MB
RUN-1002 : start command "update_timing -mode final"
RUN-1002 : start command "start_timer"
RUN-1003 : finish command "start_timer" in  1.356900s wall, 1.343750s user + 0.000000s system = 1.343750s CPU (99.0%)

RUN-1004 : used memory is 1804 MB, reserved memory is 1910 MB, peak memory is 1804 MB
RUN-1003 : finish command "update_timing -mode final" in  3.953074s wall, 3.843750s user + 0.046875s system = 3.890625s CPU (98.4%)

RUN-1004 : used memory is 1804 MB, reserved memory is 1910 MB, peak memory is 1804 MB
RUN-1002 : start command "report_timing_summary -file final_timing.rpt"
OPT-1001 : QoR tracer report on route step:
    SWNS [   incr ]    STNS [   incr ]  S-FEPS [   incr ]    HWNS [   incr ]      HTNS [     incr ]    H-FEPS [     incr ]    CELL [   incr ]       WL [    incr ]   RT(s) [   incr ]   MEM(mb) [     incr ]
    1618 [      0 ]       0 [      0 ]       0 [      0 ]    -226 [      0 ]    -10798 [        0 ]       240 [        0 ]   11628 [      0 ]  2427296 [       0 ]      29 [      0 ]      1718 [        0 ] : dr_initialization
    1618 [      0 ]       0 [      0 ]       0 [      0 ]      -5 [    221 ]        -5 [    10793 ]         1 [     -239 ]   11628 [      0 ]  2461184 [   33888 ]      35 [      6 ]      1722 [        4 ] : dr_timing_opt_phase1
    1105 [   -513 ]       0 [      0 ]       0 [      0 ]    -226 [   -221 ]      -383 [     -378 ]         8 [        7 ]   11628 [      0 ]  2568240 [  107056 ]      49 [     14 ]      1735 [       13 ] : dr_opt_phase1
    1105 [      0 ]       0 [      0 ]       0 [      0 ]    -226 [      0 ]      -383 [        0 ]         8 [        0 ]   11628 [      0 ]  2568240 [       0 ]      49 [      0 ]      1735 [        0 ] : multi_try_opt
    1105 [      0 ]       0 [      0 ]       0 [      0 ]      20 [    246 ]         0 [      383 ]         0 [       -8 ]   11628 [      0 ]  2570144 [    1904 ]      56 [      7 ]      1804 [       69 ] : fix_hold_opt

PHY-1001 : End Stage 4 | Report Route Qor; Time: 8.120478s wall, 7.890625s user + 0.109375s system = 8.000000s CPU (98.5%); Memory(MB): used = 1804, reserved = 1910, peak = 1804;

PHY-1001 : Stage 5 | Design Rule Check
PHY-1001 : Stage 5.1 | Check And Add Lut-bridge
PHY-1001 : End Stage 5.1 | Check And Add Lut-bridge; Time: 0.066006s wall, 0.062500s user + 0.000000s system = 0.062500s CPU (94.7%); Memory(MB): used = 1804, reserved = 1910, peak = 1804;

PHY-1001 : Stage 5.2 | Lut Bridge Check
PHY-1001 : End Stage 5.2 | Lut Bridge Check; Time: 0.132110s wall, 0.125000s user + 0.000000s system = 0.125000s CPU (94.6%); Memory(MB): used = 1804, reserved = 1910, peak = 1804;

PHY-1001 : Stage 5.3 | Pin swap Check
PHY-1001 : End Stage 5.3 | Pin swap Check; Time: 0.022460s wall, 0.015625s user + 0.000000s system = 0.015625s CPU (69.6%); Memory(MB): used = 1804, reserved = 1910, peak = 1804;

PHY-1001 : Stage 5.4 | Physical Net Status Check
PHY-1001 : End Stage 5.4 | Physical Net Status Check; Time: 0.040134s wall, 0.046875s user + 0.000000s system = 0.046875s CPU (116.8%); Memory(MB): used = 1804, reserved = 1910, peak = 1804;

PHY-1001 : Start multi-drive drc check......
PHY-1001 : No multi-drive.
PHY-1001 : Stage 5.5 | Clock Net Status Check
PHY-1001 : 1 clock net(s) utilize local routing resource.
RUN-1001 : 1. CTS Local Wire Summary
RUN-1001 : -----------------------------------------------------------------------------------------------------------------------------
RUN-1001 :   Idx  |  ClockName  |   DriverType    |  Local/Clock/Fanout  |  LocalWireNum  |             NetName              |  Marked  
RUN-1001 : -----------------------------------------------------------------------------------------------------------------------------
RUN-1001 :    1   |      -      |  AL_PHY_LSLICE  |        1/1/3         |       7        |  u_cam/u_cfg/uii2c_inst/scl_clk  |    -     
RUN-1001 : -----------------------------------------------------------------------------------------------------------------------------
PHY-5088 WARNING: Clock_Analyzer: Detected 1 buffer(s) clkin net because they drive non-clock sinks. Run "analyze_clock -detail" for more infomation.
PHY-5088 WARNING: Clock_Analyzer: Detected 1 buffer(s) clkout net because they drive non-clock sinks. Run "analyze_clock -detail" for more infomation.
PHY-5088 WARNING: Clock_Analyzer: 3 clock-net(s) because they drive other clock net, may cause clock skew. Run "analyze_clock -detail" for more infomation.
PHY-1001 : End Stage 5.5 | Clock Net Status Check; Time: 0.058953s wall, 0.046875s user + 0.000000s system = 0.046875s CPU (79.5%); Memory(MB): used = 1804, reserved = 1910, peak = 1804;

PHY-1001 : Stage 5.6 | Abnormal Timing Path check
PHY-1001 : No abnormal timing path.
PHY-1001 : End Stage 5.6 | Abnormal Timing Path check; Time: 0.185421s wall, 0.140625s user + 0.015625s system = 0.156250s CPU (84.3%); Memory(MB): used = 1804, reserved = 1910, peak = 1804;

PHY-1001 : Stage 5.7 | Bound Check
PHY-1001 : Check Pass.
PHY-1001 : End Stage 5.7 | Bound Check; Time: 0.001987s wall, 0.015625s user + 0.000000s system = 0.015625s CPU (786.5%); Memory(MB): used = 1804, reserved = 1910, peak = 1804;

PHY-1001 : End Stage 5 | Design Rule Check; Time: 0.635345s wall, 0.531250s user + 0.015625s system = 0.546875s CPU (86.1%); Memory(MB): used = 1804, reserved = 1910, peak = 1804;

RUN-1003 : finish command "route" in  64.961544s wall, 115.078125s user + 1.906250s system = 116.984375s CPU (180.1%)

RUN-1004 : used memory is 1804 MB, reserved memory is 1910 MB, peak memory is 1804 MB
RUN-1002 : start command "report_area -io_info -file MinecraftDog_FPGA_phy.area"
SYN-4034 : The count of slices with lut is 7639.
SYN-4035 : The count of slices with lut+ripple is 1878.
RUN-1001 : standard
***Report Model: mctop Device: PH1P35MDG324***

Design Statistics
#IO                        71   out of    160   44.38%
  #input                    6
  #output                  41
  #inout                   24
#lut6                    9877   out of  21216   46.55%
#reg                    11107
  #slice reg            11107   out of  42432   26.18%
  #pad reg                  0

Utilization Statistics
#slice                  11122   out of  21216   52.42%
  #used ram               360
    #dram lut             328
    #shifter lut           32
  #used logic           10762
    #with luts           7639
    #with adder          1878
    #reg only            1245
#feedthrough             1482
#f7mux                      1   out of  10608    0.01%
#f8mux                      0   out of   5304    0.00%
#eram                      41   out of    108   37.96%
  #eram20k                 41
  #fifo20k                  0
#dsp                        8   out of     40   20.00%
#ddr_byte                   6   out of     12   50.00%
#mipi_tx                    1   out of      2   50.00%
#mipi_rx                    1   out of      2   50.00%
#pad                       26   out of    160   16.25%
#pll                        3   out of      6   50.00%
#gclk                      10   out of     32   31.25%
#lclk                       0   out of     12    0.00%
#sclk                      25   out of     48   52.08%
#mlclk                      2   out of      6   33.33%
#ioclk                      4   out of     18   22.22%


DataNet Average Fanout:

   Index     Fanout     Nets   
    #1          1       17165  
    #2          2       3751   
    #3          3       1539   
    #4          4        675   
    #5        5-10      1847   
    #6        11-50      511   
    #7       51-100      48    
    #8       101-500      3    
  Average     2.29             

RUN-1002 : start command "update_timing -mode final"
RUN-1002 : start command "start_timer"
RUN-1003 : finish command "start_timer" in  1.369001s wall, 1.296875s user + 0.062500s system = 1.359375s CPU (99.3%)

RUN-1004 : used memory is 1804 MB, reserved memory is 1910 MB, peak memory is 1804 MB
RUN-1003 : finish command "update_timing -mode final" in  3.975099s wall, 3.875000s user + 0.078125s system = 3.953125s CPU (99.4%)

RUN-1004 : used memory is 1804 MB, reserved memory is 1910 MB, peak memory is 1804 MB
RUN-1002 : start command "report_timing_status -file MinecraftDog_FPGA_phy.ts"
RUN-1002 : start command "report_timing_summary -file MinecraftDog_FPGA_pr.timing"
RUN-1002 : start command "report_timing_exception -file MinecraftDog_FPGA_exception.timing"
RUN-1002 : start command "check_timing -verbose -file MinecraftDog_FPGA_chk.timing"
RUN-1002 : start command "flow_status -file route_flow.status"
Location         : E:\FPGA\MinecraftDog\mcproject_code\MinecraftDog_FPGA_Runs\phy_1
Running with     : Tang Dynasty v6.2.175876
                   Copyright (c) 2012-2025 Anlogic Inc.
Top Model        : mctop
Device           : PH1P35MDG324
Speed            : 3

Timing Mode      : final
Setup            : WNS  1105ps  TNS        0ps  NUM_FEPS     0
Hold             : WNS    20ps  TNS        0ps  NUM_FEPS     0

Flow Statistics  :
RUN-1001 : Flow Statistics:
RUN-1001 : ---------------------------------------------------------------------------------------------------
RUN-1001 :      command     |  #calls  |  wall time   |  cpu time(s)  |  used memory(mb)  |  peak memory(mb)  
RUN-1001 : ---------------------------------------------------------------------------------------------------
RUN-1001 :       place      |    1     |  1m57s(63%)  |   495(80%)    |       1121        |       1121        
RUN-1001 :       route      |    1     |   59s(32%)   |   111(18%)    |       1804        |       1804        
RUN-1001 :     fix_hold     |    1     |    5s(2%)    |     5(0%)     |       1804        |       1804        
RUN-1001 :   import_device  |    1     |    2s(1%)    |     1(0%)     |        332        |        332        
RUN-1001 :     import_db    |    1     |    0s(0%)    |     0(0%)     |        519        |        519        
RUN-1001 : ---------------------------------------------------------------------------------------------------
RUN-1001 :       total      |    5     |     3m3s     |      612      |       1804        |       1804        
RUN-1001 : ---------------------------------------------------------------------------------------------------
RUN-1002 : start command "report_clock_utilization -file route_clock_utilization.txt"
RUN-1002 : start command "export_db MinecraftDog_FPGA_pr.db"
RUN-1001 : Exported flow parameters
RUN-1001 : Exported /
RUN-1001 : Exported libs
RUN-1001 : Exported entities
RUN-1001 : Exported ports
RUN-1001 : Exported pins
RUN-1001 : Exported instances
RUN-1001 : Exported nets
RUN-1001 : Exported buses
RUN-1001 : Exported models
RUN-1001 : Exported phy database
RUN-1001 : Exported packer
RUN-1001 : Exported congestions
RUN-1001 : Exported violations
RUN-1001 : Exported ATMR Setting
RUN-1001 : Exported timing constraints
RUN-1001 : Exported IO constraints
RUN-1001 : Exported Inst constraints
RUN-1001 : Exported ChipWatcher
RUN-1002 : start command "commit_param -step bitgen"
RUN-1001 : Print Global Property
RUN-1001 : -------------------------------------------------------------
RUN-1001 :     Parameters    |   Settings   |  Default Values  |  Note  
RUN-1001 : -------------------------------------------------------------
RUN-1001 :    enable_seed    |     off      |       off        |        
RUN-1001 :    hfn_to_clock   |  1000000000  |    1000000000    |        
RUN-1001 :      message      |   standard   |     standard     |        
RUN-1001 :    qor_monitor    |      on      |        on        |        
RUN-1001 :   speedup_effort  |      0       |        0         |        
RUN-1001 :    syn_ip_flow    |     off      |       off        |        
RUN-1001 :       thread      |     auto     |       auto       |        
RUN-1001 : -------------------------------------------------------------
RUN-1002 : start command "set_param bitgen compress on"
RUN-1001 : Print Bitgen Property
RUN-1001 : -------------------------------------------------------------
RUN-1001 :      Parameters     |  Settings  |  Default Values  |  Note  
RUN-1001 : -------------------------------------------------------------
RUN-1001 :         bin         |    off     |       off        |        
RUN-1001 :       compress      |     on     |       off        |   *    
RUN-1001 :       gen_mask      |    off     |       off        |        
RUN-1001 :      max_stream     |     on     |        on        |        
RUN-1001 :      time_info      |     on     |        on        |        
RUN-1001 :   unused_io_status  |   pullup   |      pullup      |        
RUN-1001 :       version       |    0x00    |       0x00       |        
RUN-1001 : -------------------------------------------------------------
RUN-1002 : start command "bitgen -bit MinecraftDog_FPGA.bit"
RUN-1002 : start command "export_bid MinecraftDog_FPGA_inst.bid"
BIT-1003 : Start to generate bitstream. 
BIT-1002 : Bitgen processed 3 pll_pd instances.
BIT-1002 : Init instances with 16 threads.
BIT-1002 : Init instances completely, inst num: 11629
BIT-1002 : Init pips with 16 threads.
BIT-1002 : Init pips completely, net num: 19315, pip num: 187181
BIT-1002 : Init feedthrough with 16 threads.
BIT-1002 : Init feedthrough completely, num: 1482
BIT-1003 : Multithreading accelaration with 16 threads.
BIT-1003 : Generate bitstream completely, there are 598307 bits set as '1'.
PRG-1501 : Bit compressed, frame number changed from 3481 to 3448, ratio 0.95%
BIT-1004 : Generate file MinecraftDog_FPGA_compress.bit.
BIT-1004 : Generate file MinecraftDog_FPGA.bit.
RUN-1003 : finish command "bitgen -bit MinecraftDog_FPGA.bit" in  7.222083s wall, 49.265625s user + 0.671875s system = 49.937500s CPU (691.5%)

RUN-1004 : used memory is 1810 MB, reserved memory is 1910 MB, peak memory is 1810 MB
RUN-1002 : start command "setup_debugger"
RUN-1002 : start command "export_bitgen_param -file .bitgen_param.f"
RUN-1002 : start command "export_flow_status -s opt_place -e bitgen"
RUN-1002 : start command "flow_status"

Location         : E:\FPGA\MinecraftDog\mcproject_code\MinecraftDog_FPGA_Runs\phy_1
Running with     : Tang Dynasty v6.2.175876
                   Copyright (c) 2012-2025 Anlogic Inc.
Top Model        : mctop
Device           : PH1P35MDG324
Speed            : 3

Timing Mode      : final
Setup            : WNS  1105ps  TNS        0ps  NUM_FEPS     0
Hold             : WNS    20ps  TNS        0ps  NUM_FEPS     0

RUN-1001 : Flow Statistics:
RUN-1001 : ---------------------------------------------------------------------------------------------------
RUN-1001 :      command     |  #calls  |  wall time   |  cpu time(s)  |  used memory(mb)  |  peak memory(mb)  
RUN-1001 : ---------------------------------------------------------------------------------------------------
RUN-1001 :       place      |    1     |  1m57s(61%)  |   495(74%)    |       1121        |       1121        
RUN-1001 :       route      |    1     |   59s(31%)   |   111(16%)    |       1804        |       1804        
RUN-1001 :      bitgen      |    1     |    7s(3%)    |    49(7%)     |       1810        |       1810        
RUN-1001 :     fix_hold     |    1     |    5s(2%)    |     5(0%)     |       1804        |       1804        
RUN-1001 :   import_device  |    1     |    2s(1%)    |     1(0%)     |        332        |        332        
RUN-1001 :     import_db    |    1     |    0s(0%)    |     0(0%)     |        519        |        519        
RUN-1001 : ---------------------------------------------------------------------------------------------------
RUN-1001 :       total      |    6     |    3m10s     |      661      |       1810        |       1810        
RUN-1001 : ---------------------------------------------------------------------------------------------------
